udi,split
1,train
2,test
3,train
4,train
5,test
6,test
7,train
8,validation
9,train
10,test
11,validation
12,test
13,train
14,test
15,validation
16,train
17,train
18,train
19,train
20,train
21,test
22,test
23,train
24,train
25,train
26,train
27,train
28,test
29,validation
30,train
31,train
32,train
33,train
34,validation
35,train
36,test
37,train
38,train
39,test
40,train
41,validation
42,train
43,test
44,train
45,train
46,validation
47,train
48,validation
49,train
50,train
51,train
52,validation
53,train
54,train
55,train
56,test
57,test
58,train
59,validation
60,train
61,train
62,test
63,train
64,train
65,train
66,test
67,train
68,train
69,train
70,train
71,train
72,train
73,train
74,train
75,train
76,train
77,test
78,train
79,train
80,train
81,test
82,validation
83,train
84,train
85,validation
86,train
87,train
88,train
89,validation
90,train
91,train
92,train
93,test
94,train
95,train
96,train
97,train
98,test
99,validation
100,train
101,train
102,test
103,train
104,train
105,train
106,train
107,train
108,train
109,test
110,train
111,train
112,train
113,validation
114,train
115,validation
116,validation
117,train
118,train
119,validation
120,test
121,test
122,train
123,validation
124,train
125,train
126,train
127,train
128,train
129,test
130,test
131,validation
132,test
133,test
134,test
135,train
136,train
137,test
138,train
139,train
140,train
141,test
142,train
143,train
144,test
145,validation
146,train
147,train
148,train
149,test
150,validation
151,validation
152,validation
153,train
154,train
155,train
156,train
157,test
158,test
159,train
160,validation
161,validation
162,train
163,train
164,test
165,validation
166,train
167,test
168,train
169,train
170,validation
171,train
172,train
173,train
174,train
175,train
176,train
177,train
178,train
179,train
180,train
181,validation
182,validation
183,train
184,train
185,train
186,train
187,train
188,validation
189,train
190,train
191,train
192,train
193,train
194,validation
195,validation
196,train
197,test
198,test
199,validation
200,validation
201,validation
202,train
203,train
204,validation
205,test
206,train
207,validation
208,train
209,train
210,train
211,test
212,validation
213,validation
214,validation
215,test
216,test
217,validation
218,train
219,train
220,validation
221,train
222,test
223,train
224,train
225,train
226,train
227,train
228,train
229,train
230,validation
231,validation
232,train
233,test
234,test
235,train
236,train
237,train
238,train
239,train
240,train
241,test
242,train
243,test
244,train
245,test
246,validation
247,train
248,train
249,test
250,test
251,train
252,train
253,train
254,validation
255,train
256,train
257,train
258,train
259,train
260,train
261,validation
262,test
263,train
264,train
265,train
266,train
267,train
268,test
269,train
270,train
271,validation
272,train
273,test
274,train
275,test
276,train
277,train
278,train
279,train
280,train
281,train
282,test
283,train
284,test
285,train
286,train
287,train
288,test
289,validation
290,test
291,train
292,train
293,train
294,test
295,train
296,train
297,train
298,train
299,train
300,train
301,validation
302,train
303,train
304,train
305,validation
306,train
307,test
308,train
309,train
310,train
311,validation
312,train
313,train
314,test
315,test
316,train
317,train
318,train
319,test
320,train
321,train
322,train
323,train
324,test
325,train
326,train
327,train
328,test
329,validation
330,train
331,test
332,validation
333,train
334,train
335,validation
336,train
337,validation
338,train
339,train
340,train
341,train
342,train
343,test
344,train
345,validation
346,train
347,train
348,train
349,train
350,train
351,train
352,test
353,train
354,train
355,test
356,train
357,train
358,train
359,test
360,train
361,train
362,train
363,train
364,train
365,train
366,test
367,train
368,train
369,train
370,train
371,train
372,train
373,validation
374,train
375,train
376,test
377,validation
378,test
379,validation
380,train
381,test
382,train
383,train
384,train
385,train
386,train
387,test
388,validation
389,test
390,train
391,validation
392,train
393,train
394,train
395,train
396,train
397,train
398,train
399,test
400,train
401,train
402,validation
403,train
404,validation
405,test
406,test
407,train
408,train
409,train
410,test
411,validation
412,validation
413,train
414,train
415,train
416,train
417,train
418,test
419,test
420,validation
421,test
422,train
423,train
424,validation
425,train
426,train
427,test
428,train
429,train
430,train
431,train
432,test
433,train
434,test
435,train
436,train
437,train
438,validation
439,train
440,train
441,validation
442,validation
443,train
444,validation
445,train
446,train
447,train
448,validation
449,train
450,train
451,validation
452,train
453,validation
454,train
455,train
456,train
457,validation
458,train
459,validation
460,test
461,validation
462,train
463,train
464,validation
465,train
466,train
467,train
468,train
469,train
470,train
471,test
472,train
473,train
474,train
475,test
476,train
477,train
478,train
479,validation
480,train
481,train
482,train
483,test
484,validation
485,train
486,validation
487,train
488,train
489,train
490,train
491,train
492,train
493,train
494,validation
495,validation
496,train
497,train
498,test
499,train
500,train
501,train
502,validation
503,train
504,train
505,test
506,train
507,train
508,train
509,train
510,train
511,train
512,train
513,train
514,train
515,train
516,train
517,validation
518,train
519,test
520,train
521,test
522,validation
523,train
524,train
525,train
526,train
527,train
528,validation
529,test
530,train
531,test
532,train
533,train
534,train
535,train
536,train
537,train
538,train
539,train
540,test
541,train
542,test
543,test
544,validation
545,train
546,test
547,train
548,train
549,train
550,train
551,validation
552,train
553,test
554,test
555,validation
556,test
557,train
558,train
559,train
560,train
561,train
562,test
563,train
564,train
565,train
566,train
567,train
568,train
569,test
570,train
571,train
572,train
573,test
574,train
575,validation
576,test
577,train
578,train
579,train
580,train
581,validation
582,train
583,train
584,train
585,train
586,test
587,train
588,train
589,test
590,validation
591,train
592,test
593,test
594,train
595,train
596,validation
597,train
598,test
599,validation
600,train
601,test
602,train
603,train
604,validation
605,train
606,train
607,train
608,train
609,train
610,train
611,train
612,train
613,validation
614,train
615,train
616,train
617,validation
618,train
619,test
620,train
621,train
622,train
623,validation
624,train
625,test
626,train
627,validation
628,train
629,train
630,train
631,train
632,train
633,test
634,validation
635,train
636,train
637,train
638,test
639,validation
640,train
641,train
642,train
643,train
644,train
645,validation
646,train
647,train
648,test
649,train
650,train
651,train
652,validation
653,test
654,test
655,validation
656,validation
657,test
658,train
659,validation
660,validation
661,train
662,train
663,train
664,test
665,train
666,train
667,validation
668,train
669,train
670,train
671,train
672,train
673,train
674,train
675,validation
676,train
677,train
678,test
679,train
680,test
681,train
682,test
683,train
684,validation
685,test
686,test
687,train
688,train
689,train
690,test
691,train
692,train
693,train
694,train
695,validation
696,train
697,train
698,validation
699,train
700,validation
701,validation
702,train
703,train
704,train
705,test
706,train
707,test
708,train
709,train
710,validation
711,train
712,train
713,train
714,train
715,train
716,validation
717,test
718,test
719,train
720,train
721,train
722,test
723,train
724,train
725,train
726,validation
727,validation
728,train
729,validation
730,train
731,train
732,validation
733,test
734,train
735,test
736,test
737,train
738,train
739,train
740,train
741,train
742,train
743,train
744,validation
745,test
746,validation
747,train
748,test
749,train
750,validation
751,validation
752,train
753,train
754,train
755,test
756,train
757,train
758,train
759,train
760,train
761,train
762,train
763,train
764,train
765,validation
766,train
767,train
768,train
769,test
770,train
771,validation
772,train
773,train
774,test
775,train
776,train
777,train
778,validation
779,train
780,test
781,train
782,train
783,train
784,train
785,validation
786,train
787,train
788,test
789,test
790,test
791,train
792,train
793,train
794,train
795,test
796,validation
797,train
798,test
799,train
800,train
801,train
802,train
803,validation
804,test
805,train
806,train
807,train
808,train
809,validation
810,train
811,test
812,train
813,test
814,validation
815,train
816,train
817,train
818,train
819,train
820,validation
821,train
822,train
823,train
824,test
825,train
826,test
827,train
828,train
829,train
830,train
831,train
832,train
833,validation
834,test
835,train
836,train
837,train
838,train
839,train
840,train
841,test
842,test
843,test
844,test
845,test
846,train
847,test
848,train
849,train
850,train
851,test
852,train
853,test
854,train
855,train
856,train
857,train
858,train
859,train
860,train
861,train
862,train
863,train
864,train
865,train
866,train
867,test
868,train
869,train
870,validation
871,test
872,test
873,train
874,test
875,test
876,train
877,train
878,validation
879,train
880,train
881,train
882,test
883,train
884,train
885,test
886,validation
887,train
888,validation
889,train
890,train
891,train
892,train
893,train
894,train
895,validation
896,validation
897,train
898,test
899,validation
900,test
901,train
902,validation
903,train
904,train
905,train
906,train
907,validation
908,train
909,validation
910,train
911,train
912,train
913,validation
914,test
915,test
916,train
917,test
918,train
919,train
920,train
921,train
922,test
923,train
924,validation
925,test
926,train
927,test
928,train
929,train
930,train
931,validation
932,train
933,train
934,train
935,validation
936,train
937,train
938,train
939,train
940,test
941,test
942,test
943,train
944,test
945,train
946,test
947,train
948,test
949,train
950,train
951,train
952,test
953,train
954,validation
955,train
956,train
957,test
958,train
959,train
960,test
961,validation
962,train
963,test
964,train
965,train
966,validation
967,test
968,train
969,train
970,train
971,train
972,train
973,validation
974,test
975,test
976,validation
977,test
978,test
979,test
980,test
981,train
982,train
983,test
984,validation
985,test
986,train
987,test
988,train
989,train
990,test
991,train
992,test
993,train
994,train
995,train
996,validation
997,train
998,test
999,train
1000,train
1001,train
1002,train
1003,validation
1004,test
1005,train
1006,train
1007,validation
1008,test
1009,train
1010,test
1011,validation
1012,test
1013,train
1014,train
1015,validation
1016,train
1017,train
1018,train
1019,train
1020,test
1021,train
1022,train
1023,validation
1024,validation
1025,test
1026,train
1027,validation
1028,train
1029,test
1030,train
1031,train
1032,test
1033,test
1034,validation
1035,train
1036,validation
1037,validation
1038,validation
1039,test
1040,test
1041,test
1042,train
1043,train
1044,validation
1045,validation
1046,test
1047,train
1048,train
1049,train
1050,train
1051,test
1052,train
1053,test
1054,train
1055,train
1056,train
1057,train
1058,train
1059,train
1060,test
1061,train
1062,train
1063,train
1064,train
1065,test
1066,train
1067,train
1068,test
1069,train
1070,test
1071,train
1072,train
1073,train
1074,train
1075,test
1076,train
1077,train
1078,train
1079,validation
1080,train
1081,train
1082,train
1083,test
1084,test
1085,test
1086,test
1087,validation
1088,train
1089,test
1090,test
1091,train
1092,test
1093,test
1094,validation
1095,train
1096,train
1097,test
1098,train
1099,train
1100,train
1101,validation
1102,train
1103,train
1104,train
1105,test
1106,train
1107,train
1108,train
1109,test
1110,test
1111,train
1112,train
1113,validation
1114,train
1115,validation
1116,train
1117,train
1118,train
1119,train
1120,train
1121,train
1122,train
1123,train
1124,train
1125,train
1126,train
1127,train
1128,test
1129,train
1130,train
1131,validation
1132,train
1133,train
1134,train
1135,validation
1136,train
1137,train
1138,train
1139,validation
1140,train
1141,train
1142,train
1143,train
1144,train
1145,train
1146,train
1147,train
1148,validation
1149,train
1150,validation
1151,test
1152,train
1153,test
1154,train
1155,train
1156,train
1157,train
1158,validation
1159,train
1160,train
1161,train
1162,train
1163,validation
1164,train
1165,validation
1166,train
1167,train
1168,train
1169,validation
1170,test
1171,train
1172,train
1173,train
1174,validation
1175,train
1176,train
1177,train
1178,train
1179,train
1180,train
1181,validation
1182,test
1183,train
1184,test
1185,validation
1186,train
1187,train
1188,test
1189,validation
1190,train
1191,train
1192,train
1193,train
1194,train
1195,validation
1196,train
1197,train
1198,train
1199,test
1200,validation
1201,test
1202,validation
1203,train
1204,train
1205,train
1206,train
1207,train
1208,train
1209,validation
1210,train
1211,test
1212,train
1213,train
1214,train
1215,validation
1216,train
1217,train
1218,test
1219,train
1220,train
1221,train
1222,train
1223,train
1224,train
1225,test
1226,validation
1227,train
1228,validation
1229,train
1230,train
1231,train
1232,test
1233,train
1234,validation
1235,train
1236,test
1237,validation
1238,train
1239,test
1240,train
1241,train
1242,test
1243,train
1244,validation
1245,validation
1246,train
1247,train
1248,test
1249,train
1250,train
1251,validation
1252,test
1253,train
1254,train
1255,train
1256,validation
1257,validation
1258,train
1259,train
1260,train
1261,train
1262,train
1263,test
1264,train
1265,train
1266,train
1267,train
1268,validation
1269,train
1270,train
1271,validation
1272,train
1273,test
1274,test
1275,validation
1276,validation
1277,validation
1278,validation
1279,train
1280,train
1281,train
1282,test
1283,train
1284,train
1285,train
1286,train
1287,test
1288,train
1289,train
1290,train
1291,test
1292,train
1293,train
1294,validation
1295,validation
1296,validation
1297,train
1298,validation
1299,train
1300,test
1301,test
1302,test
1303,train
1304,test
1305,train
1306,train
1307,validation
1308,test
1309,test
1310,train
1311,test
1312,validation
1313,train
1314,test
1315,test
1316,train
1317,train
1318,train
1319,train
1320,train
1321,test
1322,train
1323,train
1324,train
1325,train
1326,test
1327,test
1328,train
1329,train
1330,validation
1331,train
1332,test
1333,train
1334,train
1335,train
1336,train
1337,train
1338,test
1339,test
1340,train
1341,train
1342,test
1343,train
1344,test
1345,test
1346,test
1347,train
1348,train
1349,train
1350,test
1351,train
1352,train
1353,train
1354,test
1355,train
1356,validation
1357,train
1358,train
1359,train
1360,train
1361,train
1362,test
1363,train
1364,train
1365,test
1366,validation
1367,validation
1368,train
1369,test
1370,train
1371,test
1372,validation
1373,train
1374,train
1375,train
1376,train
1377,validation
1378,train
1379,test
1380,test
1381,validation
1382,validation
1383,train
1384,train
1385,test
1386,train
1387,train
1388,train
1389,train
1390,train
1391,test
1392,test
1393,validation
1394,train
1395,train
1396,validation
1397,train
1398,train
1399,train
1400,train
1401,train
1402,train
1403,test
1404,test
1405,validation
1406,test
1407,validation
1408,train
1409,train
1410,train
1411,train
1412,train
1413,train
1414,validation
1415,train
1416,train
1417,train
1418,train
1419,test
1420,validation
1421,validation
1422,train
1423,train
1424,train
1425,validation
1426,test
1427,test
1428,test
1429,test
1430,test
1431,train
1432,train
1433,train
1434,test
1435,train
1436,train
1437,validation
1438,train
1439,train
1440,validation
1441,train
1442,train
1443,train
1444,train
1445,train
1446,train
1447,validation
1448,train
1449,test
1450,test
1451,validation
1452,train
1453,train
1454,train
1455,train
1456,validation
1457,train
1458,train
1459,train
1460,train
1461,validation
1462,validation
1463,train
1464,validation
1465,train
1466,validation
1467,validation
1468,train
1469,validation
1470,train
1471,train
1472,train
1473,validation
1474,train
1475,train
1476,test
1477,train
1478,validation
1479,train
1480,train
1481,test
1482,test
1483,train
1484,train
1485,train
1486,train
1487,train
1488,validation
1489,train
1490,train
1491,train
1492,train
1493,train
1494,train
1495,train
1496,train
1497,validation
1498,train
1499,train
1500,train
1501,validation
1502,train
1503,test
1504,train
1505,train
1506,train
1507,validation
1508,train
1509,test
1510,validation
1511,train
1512,train
1513,validation
1514,train
1515,train
1516,train
1517,train
1518,train
1519,test
1520,train
1521,train
1522,train
1523,train
1524,train
1525,test
1526,validation
1527,train
1528,test
1529,train
1530,train
1531,train
1532,train
1533,validation
1534,train
1535,train
1536,train
1537,train
1538,train
1539,test
1540,train
1541,train
1542,validation
1543,train
1544,test
1545,train
1546,validation
1547,validation
1548,train
1549,train
1550,validation
1551,validation
1552,train
1553,train
1554,validation
1555,train
1556,train
1557,validation
1558,validation
1559,train
1560,train
1561,train
1562,test
1563,train
1564,validation
1565,test
1566,train
1567,train
1568,test
1569,test
1570,train
1571,train
1572,test
1573,train
1574,train
1575,test
1576,train
1577,train
1578,train
1579,validation
1580,train
1581,validation
1582,validation
1583,validation
1584,train
1585,test
1586,train
1587,test
1588,train
1589,train
1590,validation
1591,validation
1592,train
1593,train
1594,validation
1595,train
1596,validation
1597,validation
1598,train
1599,validation
1600,train
1601,test
1602,train
1603,train
1604,train
1605,train
1606,test
1607,train
1608,train
1609,train
1610,validation
1611,train
1612,validation
1613,validation
1614,train
1615,train
1616,validation
1617,test
1618,train
1619,train
1620,train
1621,train
1622,train
1623,train
1624,train
1625,test
1626,train
1627,test
1628,validation
1629,train
1630,train
1631,test
1632,train
1633,train
1634,train
1635,train
1636,train
1637,test
1638,train
1639,train
1640,train
1641,validation
1642,train
1643,train
1644,train
1645,validation
1646,train
1647,train
1648,train
1649,train
1650,test
1651,test
1652,train
1653,test
1654,train
1655,train
1656,train
1657,train
1658,train
1659,train
1660,train
1661,validation
1662,train
1663,train
1664,train
1665,test
1666,train
1667,train
1668,test
1669,train
1670,test
1671,test
1672,train
1673,validation
1674,validation
1675,train
1676,train
1677,train
1678,train
1679,test
1680,train
1681,train
1682,test
1683,train
1684,test
1685,train
1686,test
1687,test
1688,validation
1689,train
1690,train
1691,train
1692,test
1693,test
1694,validation
1695,test
1696,train
1697,train
1698,train
1699,train
1700,train
1701,train
1702,test
1703,validation
1704,train
1705,train
1706,train
1707,train
1708,train
1709,train
1710,test
1711,test
1712,train
1713,train
1714,test
1715,train
1716,train
1717,validation
1718,train
1719,train
1720,train
1721,validation
1722,train
1723,train
1724,train
1725,test
1726,test
1727,train
1728,test
1729,test
1730,validation
1731,train
1732,test
1733,test
1734,test
1735,train
1736,train
1737,train
1738,validation
1739,test
1740,test
1741,train
1742,validation
1743,validation
1744,train
1745,train
1746,validation
1747,train
1748,validation
1749,train
1750,validation
1751,test
1752,train
1753,train
1754,test
1755,test
1756,test
1757,validation
1758,train
1759,test
1760,train
1761,validation
1762,train
1763,train
1764,train
1765,train
1766,validation
1767,train
1768,train
1769,train
1770,validation
1771,train
1772,train
1773,validation
1774,validation
1775,train
1776,validation
1777,train
1778,train
1779,train
1780,train
1781,test
1782,test
1783,validation
1784,validation
1785,validation
1786,validation
1787,train
1788,validation
1789,train
1790,train
1791,train
1792,test
1793,train
1794,train
1795,train
1796,train
1797,train
1798,validation
1799,train
1800,test
1801,train
1802,train
1803,train
1804,train
1805,train
1806,train
1807,test
1808,train
1809,validation
1810,test
1811,train
1812,test
1813,test
1814,test
1815,train
1816,train
1817,train
1818,validation
1819,train
1820,train
1821,train
1822,test
1823,validation
1824,train
1825,train
1826,train
1827,train
1828,train
1829,train
1830,train
1831,train
1832,validation
1833,train
1834,test
1835,train
1836,train
1837,train
1838,train
1839,train
1840,train
1841,train
1842,validation
1843,train
1844,test
1845,train
1846,train
1847,train
1848,test
1849,test
1850,test
1851,test
1852,train
1853,train
1854,test
1855,train
1856,train
1857,train
1858,train
1859,train
1860,train
1861,train
1862,test
1863,train
1864,validation
1865,train
1866,train
1867,validation
1868,test
1869,train
1870,train
1871,train
1872,train
1873,train
1874,train
1875,test
1876,train
1877,train
1878,train
1879,train
1880,test
1881,train
1882,train
1883,validation
1884,train
1885,validation
1886,train
1887,train
1888,train
1889,train
1890,test
1891,validation
1892,validation
1893,test
1894,validation
1895,test
1896,train
1897,test
1898,train
1899,train
1900,train
1901,train
1902,validation
1903,train
1904,test
1905,test
1906,test
1907,train
1908,train
1909,train
1910,train
1911,train
1912,train
1913,train
1914,train
1915,test
1916,train
1917,test
1918,train
1919,train
1920,test
1921,train
1922,train
1923,train
1924,train
1925,validation
1926,train
1927,test
1928,validation
1929,validation
1930,train
1931,train
1932,train
1933,train
1934,train
1935,train
1936,train
1937,train
1938,train
1939,test
1940,train
1941,train
1942,train
1943,validation
1944,train
1945,train
1946,train
1947,test
1948,train
1949,train
1950,train
1951,test
1952,train
1953,train
1954,train
1955,train
1956,validation
1957,validation
1958,test
1959,validation
1960,test
1961,train
1962,train
1963,validation
1964,train
1965,test
1966,train
1967,validation
1968,train
1969,test
1970,train
1971,train
1972,train
1973,train
1974,train
1975,train
1976,train
1977,test
1978,train
1979,test
1980,train
1981,train
1982,test
1983,test
1984,validation
1985,test
1986,validation
1987,train
1988,train
1989,train
1990,train
1991,test
1992,train
1993,train
1994,train
1995,train
1996,train
1997,test
1998,train
1999,validation
2000,test
2001,train
2002,test
2003,train
2004,train
2005,validation
2006,train
2007,validation
2008,validation
2009,validation
2010,validation
2011,train
2012,test
2013,train
2014,train
2015,train
2016,train
2017,train
2018,train
2019,train
2020,train
2021,train
2022,train
2023,test
2024,test
2025,train
2026,validation
2027,validation
2028,train
2029,validation
2030,test
2031,test
2032,train
2033,validation
2034,test
2035,train
2036,train
2037,validation
2038,train
2039,train
2040,test
2041,train
2042,train
2043,test
2044,test
2045,validation
2046,validation
2047,test
2048,test
2049,train
2050,train
2051,test
2052,test
2053,train
2054,test
2055,train
2056,validation
2057,train
2058,train
2059,train
2060,validation
2061,train
2062,train
2063,train
2064,train
2065,train
2066,train
2067,train
2068,train
2069,validation
2070,train
2071,validation
2072,validation
2073,train
2074,train
2075,train
2076,train
2077,train
2078,train
2079,train
2080,train
2081,test
2082,test
2083,validation
2084,train
2085,validation
2086,train
2087,test
2088,test
2089,train
2090,train
2091,train
2092,train
2093,train
2094,train
2095,test
2096,validation
2097,train
2098,test
2099,train
2100,train
2101,test
2102,test
2103,test
2104,test
2105,test
2106,test
2107,validation
2108,train
2109,train
2110,train
2111,test
2112,train
2113,validation
2114,train
2115,test
2116,validation
2117,test
2118,train
2119,test
2120,test
2121,train
2122,train
2123,validation
2124,train
2125,train
2126,train
2127,test
2128,validation
2129,train
2130,test
2131,train
2132,train
2133,train
2134,train
2135,test
2136,train
2137,train
2138,test
2139,train
2140,train
2141,train
2142,train
2143,train
2144,validation
2145,validation
2146,train
2147,validation
2148,train
2149,validation
2150,train
2151,validation
2152,train
2153,train
2154,validation
2155,train
2156,validation
2157,train
2158,train
2159,train
2160,train
2161,test
2162,test
2163,train
2164,train
2165,train
2166,train
2167,train
2168,train
2169,train
2170,test
2171,train
2172,train
2173,test
2174,train
2175,validation
2176,train
2177,test
2178,train
2179,train
2180,train
2181,train
2182,test
2183,train
2184,train
2185,validation
2186,train
2187,train
2188,train
2189,train
2190,train
2191,test
2192,validation
2193,test
2194,test
2195,train
2196,test
2197,train
2198,test
2199,validation
2200,test
2201,train
2202,train
2203,train
2204,test
2205,train
2206,train
2207,train
2208,train
2209,train
2210,train
2211,train
2212,train
2213,test
2214,train
2215,train
2216,train
2217,train
2218,train
2219,test
2220,train
2221,train
2222,validation
2223,train
2224,train
2225,train
2226,test
2227,train
2228,train
2229,validation
2230,train
2231,validation
2232,train
2233,train
2234,train
2235,train
2236,train
2237,train
2238,test
2239,train
2240,train
2241,train
2242,train
2243,validation
2244,train
2245,train
2246,validation
2247,train
2248,train
2249,test
2250,train
2251,test
2252,test
2253,train
2254,train
2255,train
2256,train
2257,test
2258,validation
2259,test
2260,train
2261,train
2262,test
2263,test
2264,test
2265,train
2266,train
2267,train
2268,train
2269,train
2270,train
2271,test
2272,validation
2273,train
2274,train
2275,validation
2276,train
2277,train
2278,test
2279,train
2280,train
2281,train
2282,train
2283,train
2284,train
2285,train
2286,train
2287,train
2288,train
2289,train
2290,train
2291,train
2292,train
2293,train
2294,train
2295,train
2296,train
2297,train
2298,train
2299,train
2300,train
2301,train
2302,train
2303,test
2304,train
2305,train
2306,validation
2307,train
2308,train
2309,validation
2310,validation
2311,train
2312,train
2313,train
2314,validation
2315,test
2316,train
2317,train
2318,train
2319,train
2320,train
2321,validation
2322,train
2323,train
2324,train
2325,test
2326,validation
2327,train
2328,train
2329,train
2330,train
2331,train
2332,validation
2333,validation
2334,train
2335,train
2336,train
2337,train
2338,train
2339,train
2340,test
2341,train
2342,train
2343,train
2344,train
2345,train
2346,train
2347,train
2348,train
2349,train
2350,train
2351,test
2352,train
2353,train
2354,validation
2355,train
2356,train
2357,train
2358,train
2359,train
2360,train
2361,train
2362,train
2363,train
2364,validation
2365,train
2366,train
2367,train
2368,train
2369,train
2370,train
2371,train
2372,validation
2373,train
2374,train
2375,train
2376,train
2377,validation
2378,train
2379,validation
2380,train
2381,validation
2382,validation
2383,train
2384,test
2385,train
2386,train
2387,train
2388,train
2389,test
2390,train
2391,validation
2392,train
2393,train
2394,train
2395,train
2396,train
2397,test
2398,test
2399,train
2400,train
2401,train
2402,test
2403,train
2404,validation
2405,test
2406,train
2407,train
2408,train
2409,train
2410,train
2411,train
2412,train
2413,train
2414,test
2415,test
2416,validation
2417,validation
2418,test
2419,train
2420,train
2421,test
2422,test
2423,train
2424,validation
2425,train
2426,train
2427,train
2428,test
2429,train
2430,train
2431,test
2432,train
2433,validation
2434,test
2435,train
2436,validation
2437,train
2438,train
2439,validation
2440,train
2441,validation
2442,train
2443,validation
2444,test
2445,test
2446,test
2447,test
2448,train
2449,test
2450,train
2451,train
2452,validation
2453,train
2454,test
2455,train
2456,train
2457,test
2458,train
2459,validation
2460,test
2461,train
2462,train
2463,train
2464,train
2465,train
2466,train
2467,test
2468,train
2469,train
2470,train
2471,train
2472,test
2473,train
2474,train
2475,test
2476,train
2477,train
2478,train
2479,train
2480,train
2481,train
2482,train
2483,test
2484,train
2485,test
2486,train
2487,validation
2488,train
2489,train
2490,train
2491,test
2492,test
2493,train
2494,test
2495,validation
2496,validation
2497,train
2498,test
2499,train
2500,validation
2501,train
2502,train
2503,train
2504,train
2505,validation
2506,train
2507,validation
2508,train
2509,test
2510,train
2511,train
2512,train
2513,train
2514,train
2515,train
2516,train
2517,train
2518,train
2519,train
2520,test
2521,train
2522,train
2523,train
2524,train
2525,train
2526,train
2527,train
2528,train
2529,train
2530,train
2531,train
2532,test
2533,train
2534,validation
2535,test
2536,train
2537,train
2538,test
2539,validation
2540,test
2541,train
2542,train
2543,train
2544,train
2545,test
2546,train
2547,train
2548,test
2549,train
2550,validation
2551,train
2552,train
2553,train
2554,train
2555,test
2556,train
2557,test
2558,train
2559,train
2560,train
2561,train
2562,train
2563,train
2564,train
2565,train
2566,train
2567,test
2568,test
2569,train
2570,test
2571,train
2572,train
2573,validation
2574,train
2575,train
2576,train
2577,test
2578,train
2579,validation
2580,train
2581,train
2582,train
2583,train
2584,train
2585,validation
2586,train
2587,train
2588,validation
2589,train
2590,train
2591,train
2592,train
2593,train
2594,validation
2595,train
2596,train
2597,train
2598,train
2599,train
2600,test
2601,train
2602,train
2603,train
2604,train
2605,train
2606,test
2607,test
2608,train
2609,test
2610,train
2611,validation
2612,validation
2613,test
2614,train
2615,train
2616,train
2617,train
2618,train
2619,test
2620,train
2621,train
2622,train
2623,train
2624,train
2625,test
2626,test
2627,train
2628,test
2629,train
2630,train
2631,train
2632,train
2633,train
2634,validation
2635,train
2636,test
2637,validation
2638,train
2639,validation
2640,validation
2641,test
2642,train
2643,train
2644,train
2645,train
2646,train
2647,train
2648,validation
2649,validation
2650,train
2651,train
2652,train
2653,train
2654,train
2655,validation
2656,validation
2657,train
2658,test
2659,train
2660,train
2661,test
2662,train
2663,train
2664,train
2665,train
2666,train
2667,test
2668,validation
2669,train
2670,validation
2671,train
2672,test
2673,test
2674,train
2675,validation
2676,train
2677,validation
2678,train
2679,train
2680,validation
2681,test
2682,train
2683,train
2684,train
2685,train
2686,train
2687,train
2688,train
2689,train
2690,train
2691,train
2692,validation
2693,train
2694,test
2695,train
2696,train
2697,train
2698,train
2699,train
2700,train
2701,test
2702,train
2703,train
2704,test
2705,test
2706,train
2707,validation
2708,test
2709,train
2710,train
2711,train
2712,train
2713,validation
2714,test
2715,train
2716,train
2717,train
2718,train
2719,train
2720,validation
2721,train
2722,train
2723,train
2724,train
2725,train
2726,validation
2727,validation
2728,train
2729,train
2730,train
2731,train
2732,train
2733,validation
2734,train
2735,train
2736,test
2737,train
2738,train
2739,train
2740,validation
2741,validation
2742,train
2743,test
2744,train
2745,validation
2746,train
2747,train
2748,test
2749,train
2750,train
2751,test
2752,train
2753,train
2754,train
2755,validation
2756,train
2757,train
2758,train
2759,train
2760,train
2761,train
2762,validation
2763,train
2764,test
2765,train
2766,test
2767,validation
2768,validation
2769,train
2770,train
2771,train
2772,train
2773,train
2774,test
2775,train
2776,train
2777,train
2778,train
2779,test
2780,train
2781,train
2782,test
2783,test
2784,test
2785,train
2786,train
2787,train
2788,test
2789,train
2790,test
2791,test
2792,validation
2793,train
2794,train
2795,train
2796,validation
2797,train
2798,train
2799,train
2800,train
2801,validation
2802,test
2803,train
2804,test
2805,test
2806,train
2807,test
2808,train
2809,test
2810,test
2811,test
2812,train
2813,train
2814,train
2815,test
2816,test
2817,train
2818,test
2819,train
2820,train
2821,train
2822,train
2823,test
2824,validation
2825,validation
2826,train
2827,validation
2828,train
2829,train
2830,train
2831,validation
2832,train
2833,train
2834,validation
2835,train
2836,train
2837,train
2838,validation
2839,test
2840,train
2841,train
2842,train
2843,test
2844,train
2845,train
2846,train
2847,validation
2848,train
2849,train
2850,test
2851,train
2852,train
2853,test
2854,train
2855,train
2856,train
2857,test
2858,train
2859,train
2860,train
2861,train
2862,test
2863,train
2864,train
2865,test
2866,test
2867,train
2868,validation
2869,train
2870,test
2871,validation
2872,train
2873,train
2874,train
2875,train
2876,train
2877,train
2878,train
2879,test
2880,train
2881,train
2882,test
2883,train
2884,train
2885,test
2886,train
2887,train
2888,test
2889,train
2890,train
2891,validation
2892,train
2893,validation
2894,validation
2895,validation
2896,train
2897,train
2898,test
2899,train
2900,train
2901,train
2902,train
2903,validation
2904,test
2905,train
2906,test
2907,train
2908,train
2909,validation
2910,train
2911,train
2912,test
2913,test
2914,train
2915,train
2916,validation
2917,validation
2918,test
2919,train
2920,train
2921,validation
2922,train
2923,test
2924,train
2925,train
2926,train
2927,train
2928,train
2929,validation
2930,train
2931,train
2932,train
2933,train
2934,train
2935,validation
2936,train
2937,test
2938,train
2939,train
2940,test
2941,validation
2942,test
2943,validation
2944,test
2945,train
2946,test
2947,test
2948,train
2949,train
2950,test
2951,train
2952,train
2953,test
2954,train
2955,train
2956,train
2957,train
2958,validation
2959,train
2960,train
2961,train
2962,train
2963,validation
2964,test
2965,train
2966,test
2967,train
2968,train
2969,train
2970,validation
2971,test
2972,train
2973,test
2974,train
2975,validation
2976,validation
2977,train
2978,train
2979,train
2980,train
2981,train
2982,validation
2983,validation
2984,train
2985,train
2986,test
2987,train
2988,train
2989,test
2990,train
2991,train
2992,train
2993,train
2994,validation
2995,test
2996,train
2997,train
2998,test
2999,validation
3000,train
3001,train
3002,train
3003,train
3004,validation
3005,train
3006,validation
3007,test
3008,train
3009,train
3010,train
3011,train
3012,train
3013,train
3014,test
3015,train
3016,train
3017,validation
3018,train
3019,train
3020,train
3021,train
3022,train
3023,test
3024,train
3025,train
3026,train
3027,test
3028,validation
3029,train
3030,train
3031,validation
3032,validation
3033,test
3034,train
3035,test
3036,train
3037,validation
3038,test
3039,validation
3040,train
3041,train
3042,train
3043,train
3044,test
3045,train
3046,test
3047,train
3048,test
3049,train
3050,train
3051,train
3052,test
3053,test
3054,train
3055,train
3056,test
3057,train
3058,validation
3059,train
3060,test
3061,train
3062,train
3063,validation
3064,train
3065,train
3066,test
3067,validation
3068,validation
3069,train
3070,train
3071,train
3072,train
3073,train
3074,train
3075,train
3076,train
3077,train
3078,train
3079,train
3080,train
3081,test
3082,test
3083,train
3084,train
3085,train
3086,test
3087,train
3088,train
3089,train
3090,train
3091,train
3092,test
3093,train
3094,train
3095,train
3096,validation
3097,test
3098,validation
3099,test
3100,train
3101,train
3102,train
3103,train
3104,train
3105,test
3106,train
3107,test
3108,train
3109,validation
3110,train
3111,train
3112,train
3113,train
3114,train
3115,train
3116,validation
3117,train
3118,test
3119,test
3120,validation
3121,train
3122,train
3123,train
3124,train
3125,validation
3126,train
3127,validation
3128,test
3129,test
3130,train
3131,test
3132,train
3133,test
3134,validation
3135,validation
3136,train
3137,train
3138,train
3139,train
3140,train
3141,train
3142,train
3143,train
3144,validation
3145,test
3146,train
3147,train
3148,train
3149,train
3150,test
3151,test
3152,train
3153,train
3154,train
3155,train
3156,train
3157,train
3158,train
3159,test
3160,validation
3161,train
3162,train
3163,train
3164,test
3165,validation
3166,train
3167,train
3168,train
3169,validation
3170,train
3171,test
3172,validation
3173,train
3174,train
3175,train
3176,train
3177,test
3178,train
3179,train
3180,train
3181,train
3182,test
3183,train
3184,train
3185,train
3186,test
3187,train
3188,train
3189,train
3190,train
3191,train
3192,validation
3193,validation
3194,train
3195,test
3196,train
3197,train
3198,train
3199,train
3200,train
3201,train
3202,test
3203,train
3204,train
3205,train
3206,train
3207,validation
3208,validation
3209,train
3210,train
3211,validation
3212,train
3213,validation
3214,validation
3215,train
3216,train
3217,validation
3218,train
3219,test
3220,train
3221,train
3222,test
3223,train
3224,train
3225,test
3226,validation
3227,train
3228,train
3229,train
3230,test
3231,train
3232,train
3233,test
3234,validation
3235,test
3236,train
3237,train
3238,train
3239,train
3240,train
3241,train
3242,train
3243,train
3244,train
3245,train
3246,train
3247,train
3248,train
3249,test
3250,train
3251,train
3252,test
3253,test
3254,train
3255,train
3256,test
3257,test
3258,test
3259,train
3260,train
3261,train
3262,train
3263,validation
3264,validation
3265,test
3266,train
3267,train
3268,test
3269,train
3270,train
3271,train
3272,test
3273,train
3274,validation
3275,train
3276,train
3277,train
3278,validation
3279,train
3280,train
3281,train
3282,train
3283,train
3284,validation
3285,train
3286,validation
3287,train
3288,train
3289,validation
3290,train
3291,train
3292,train
3293,train
3294,train
3295,train
3296,test
3297,train
3298,train
3299,train
3300,validation
3301,validation
3302,validation
3303,test
3304,test
3305,train
3306,train
3307,train
3308,test
3309,validation
3310,test
3311,validation
3312,test
3313,train
3314,train
3315,train
3316,train
3317,train
3318,train
3319,test
3320,train
3321,test
3322,test
3323,train
3324,train
3325,train
3326,train
3327,validation
3328,train
3329,test
3330,train
3331,train
3332,train
3333,train
3334,train
3335,train
3336,train
3337,validation
3338,train
3339,train
3340,train
3341,train
3342,validation
3343,train
3344,train
3345,validation
3346,test
3347,test
3348,validation
3349,train
3350,train
3351,train
3352,validation
3353,train
3354,validation
3355,validation
3356,train
3357,train
3358,train
3359,train
3360,validation
3361,train
3362,validation
3363,train
3364,train
3365,train
3366,train
3367,validation
3368,validation
3369,validation
3370,train
3371,train
3372,validation
3373,train
3374,test
3375,train
3376,train
3377,test
3378,validation
3379,train
3380,train
3381,train
3382,validation
3383,test
3384,train
3385,train
3386,train
3387,test
3388,train
3389,train
3390,validation
3391,validation
3392,train
3393,test
3394,train
3395,validation
3396,train
3397,train
3398,train
3399,train
3400,validation
3401,validation
3402,train
3403,train
3404,train
3405,validation
3406,train
3407,test
3408,validation
3409,train
3410,test
3411,validation
3412,train
3413,test
3414,train
3415,validation
3416,train
3417,train
3418,test
3419,train
3420,validation
3421,test
3422,train
3423,train
3424,train
3425,test
3426,test
3427,train
3428,test
3429,validation
3430,train
3431,train
3432,train
3433,train
3434,train
3435,train
3436,train
3437,test
3438,train
3439,test
3440,train
3441,validation
3442,train
3443,train
3444,train
3445,train
3446,validation
3447,test
3448,validation
3449,train
3450,train
3451,test
3452,test
3453,train
3454,test
3455,train
3456,test
3457,test
3458,train
3459,train
3460,test
3461,validation
3462,validation
3463,train
3464,test
3465,train
3466,train
3467,train
3468,train
3469,test
3470,validation
3471,train
3472,train
3473,test
3474,train
3475,test
3476,train
3477,train
3478,test
3479,train
3480,train
3481,train
3482,train
3483,train
3484,train
3485,train
3486,train
3487,train
3488,validation
3489,train
3490,train
3491,train
3492,train
3493,validation
3494,train
3495,validation
3496,validation
3497,train
3498,train
3499,validation
3500,test
3501,test
3502,train
3503,test
3504,test
3505,train
3506,validation
3507,train
3508,train
3509,validation
3510,validation
3511,test
3512,train
3513,train
3514,test
3515,train
3516,test
3517,train
3518,train
3519,train
3520,test
3521,train
3522,train
3523,train
3524,test
3525,train
3526,train
3527,train
3528,test
3529,train
3530,train
3531,train
3532,test
3533,train
3534,train
3535,train
3536,train
3537,test
3538,test
3539,test
3540,validation
3541,train
3542,train
3543,train
3544,train
3545,validation
3546,train
3547,train
3548,test
3549,train
3550,train
3551,train
3552,test
3553,train
3554,train
3555,train
3556,train
3557,train
3558,test
3559,train
3560,train
3561,train
3562,test
3563,train
3564,train
3565,train
3566,validation
3567,train
3568,train
3569,train
3570,train
3571,test
3572,test
3573,train
3574,train
3575,train
3576,test
3577,train
3578,train
3579,train
3580,train
3581,validation
3582,train
3583,test
3584,train
3585,train
3586,train
3587,train
3588,train
3589,train
3590,train
3591,train
3592,train
3593,test
3594,test
3595,train
3596,train
3597,test
3598,test
3599,validation
3600,train
3601,train
3602,train
3603,validation
3604,test
3605,train
3606,train
3607,train
3608,train
3609,train
3610,train
3611,train
3612,train
3613,train
3614,train
3615,train
3616,train
3617,train
3618,test
3619,test
3620,train
3621,train
3622,train
3623,train
3624,train
3625,train
3626,train
3627,validation
3628,train
3629,train
3630,train
3631,validation
3632,train
3633,train
3634,train
3635,train
3636,train
3637,test
3638,train
3639,train
3640,train
3641,test
3642,train
3643,validation
3644,test
3645,validation
3646,validation
3647,train
3648,train
3649,test
3650,train
3651,train
3652,test
3653,train
3654,train
3655,train
3656,test
3657,train
3658,train
3659,train
3660,test
3661,train
3662,train
3663,train
3664,train
3665,train
3666,validation
3667,test
3668,train
3669,test
3670,validation
3671,validation
3672,test
3673,train
3674,train
3675,validation
3676,train
3677,train
3678,validation
3679,test
3680,train
3681,train
3682,test
3683,test
3684,test
3685,train
3686,train
3687,test
3688,validation
3689,test
3690,train
3691,train
3692,train
3693,validation
3694,validation
3695,train
3696,test
3697,train
3698,train
3699,train
3700,test
3701,train
3702,train
3703,train
3704,train
3705,train
3706,train
3707,train
3708,train
3709,validation
3710,train
3711,train
3712,train
3713,test
3714,train
3715,train
3716,train
3717,test
3718,train
3719,test
3720,train
3721,train
3722,validation
3723,test
3724,train
3725,test
3726,test
3727,train
3728,test
3729,validation
3730,test
3731,train
3732,train
3733,train
3734,test
3735,validation
3736,validation
3737,train
3738,train
3739,train
3740,train
3741,validation
3742,train
3743,train
3744,test
3745,train
3746,train
3747,train
3748,train
3749,train
3750,train
3751,train
3752,train
3753,train
3754,train
3755,test
3756,validation
3757,train
3758,validation
3759,train
3760,train
3761,train
3762,train
3763,test
3764,test
3765,validation
3766,test
3767,test
3768,train
3769,validation
3770,train
3771,train
3772,test
3773,train
3774,train
3775,train
3776,train
3777,train
3778,test
3779,train
3780,train
3781,validation
3782,train
3783,train
3784,train
3785,train
3786,test
3787,test
3788,validation
3789,validation
3790,train
3791,train
3792,validation
3793,test
3794,train
3795,test
3796,validation
3797,train
3798,train
3799,train
3800,train
3801,train
3802,test
3803,train
3804,train
3805,test
3806,train
3807,test
3808,test
3809,train
3810,train
3811,train
3812,validation
3813,test
3814,train
3815,test
3816,train
3817,train
3818,train
3819,train
3820,train
3821,test
3822,train
3823,validation
3824,train
3825,train
3826,train
3827,train
3828,train
3829,train
3830,train
3831,test
3832,train
3833,validation
3834,test
3835,train
3836,train
3837,test
3838,train
3839,validation
3840,test
3841,train
3842,train
3843,validation
3844,test
3845,train
3846,validation
3847,train
3848,train
3849,train
3850,train
3851,train
3852,test
3853,train
3854,train
3855,train
3856,train
3857,test
3858,train
3859,test
3860,test
3861,validation
3862,train
3863,test
3864,train
3865,train
3866,train
3867,test
3868,train
3869,train
3870,train
3871,train
3872,train
3873,train
3874,test
3875,train
3876,train
3877,test
3878,train
3879,validation
3880,train
3881,train
3882,train
3883,train
3884,train
3885,train
3886,validation
3887,test
3888,validation
3889,train
3890,train
3891,train
3892,train
3893,train
3894,validation
3895,train
3896,test
3897,train
3898,train
3899,train
3900,train
3901,train
3902,validation
3903,test
3904,train
3905,train
3906,train
3907,train
3908,validation
3909,test
3910,test
3911,test
3912,train
3913,test
3914,train
3915,validation
3916,validation
3917,test
3918,train
3919,train
3920,train
3921,validation
3922,train
3923,train
3924,train
3925,train
3926,train
3927,test
3928,train
3929,train
3930,train
3931,train
3932,validation
3933,train
3934,train
3935,validation
3936,test
3937,train
3938,train
3939,train
3940,train
3941,test
3942,train
3943,train
3944,train
3945,test
3946,train
3947,test
3948,validation
3949,train
3950,test
3951,validation
3952,test
3953,train
3954,train
3955,train
3956,test
3957,validation
3958,validation
3959,validation
3960,train
3961,train
3962,train
3963,validation
3964,validation
3965,test
3966,validation
3967,test
3968,train
3969,train
3970,test
3971,validation
3972,train
3973,train
3974,validation
3975,test
3976,train
3977,train
3978,test
3979,train
3980,train
3981,train
3982,train
3983,train
3984,train
3985,train
3986,train
3987,train
3988,validation
3989,train
3990,test
3991,train
3992,test
3993,train
3994,train
3995,validation
3996,train
3997,train
3998,validation
3999,train
4000,train
4001,train
4002,test
4003,validation
4004,train
4005,train
4006,train
4007,train
4008,train
4009,train
4010,train
4011,train
4012,validation
4013,validation
4014,test
4015,train
4016,test
4017,train
4018,validation
4019,train
4020,train
4021,train
4022,train
4023,train
4024,train
4025,train
4026,train
4027,test
4028,validation
4029,test
4030,train
4031,train
4032,test
4033,train
4034,validation
4035,test
4036,test
4037,train
4038,train
4039,train
4040,train
4041,train
4042,train
4043,train
4044,validation
4045,train
4046,train
4047,train
4048,train
4049,train
4050,train
4051,test
4052,train
4053,train
4054,validation
4055,train
4056,train
4057,train
4058,train
4059,train
4060,test
4061,test
4062,train
4063,train
4064,validation
4065,test
4066,train
4067,train
4068,train
4069,train
4070,validation
4071,validation
4072,train
4073,train
4074,validation
4075,train
4076,train
4077,train
4078,train
4079,test
4080,train
4081,test
4082,test
4083,train
4084,test
4085,train
4086,test
4087,train
4088,train
4089,train
4090,train
4091,train
4092,validation
4093,validation
4094,train
4095,train
4096,validation
4097,train
4098,train
4099,train
4100,test
4101,test
4102,train
4103,train
4104,train
4105,train
4106,train
4107,test
4108,train
4109,train
4110,train
4111,train
4112,test
4113,train
4114,test
4115,train
4116,train
4117,train
4118,validation
4119,train
4120,train
4121,test
4122,validation
4123,test
4124,train
4125,train
4126,validation
4127,test
4128,train
4129,train
4130,train
4131,test
4132,train
4133,test
4134,validation
4135,test
4136,validation
4137,test
4138,train
4139,train
4140,train
4141,train
4142,test
4143,train
4144,test
4145,train
4146,train
4147,train
4148,train
4149,train
4150,train
4151,train
4152,train
4153,train
4154,train
4155,train
4156,train
4157,test
4158,train
4159,train
4160,train
4161,test
4162,train
4163,train
4164,train
4165,validation
4166,train
4167,validation
4168,validation
4169,train
4170,train
4171,test
4172,validation
4173,train
4174,train
4175,train
4176,validation
4177,test
4178,train
4179,train
4180,test
4181,validation
4182,train
4183,train
4184,train
4185,train
4186,train
4187,train
4188,train
4189,validation
4190,train
4191,train
4192,validation
4193,test
4194,train
4195,validation
4196,train
4197,test
4198,train
4199,train
4200,train
4201,train
4202,test
4203,validation
4204,validation
4205,train
4206,train
4207,train
4208,train
4209,train
4210,validation
4211,train
4212,train
4213,test
4214,train
4215,train
4216,train
4217,train
4218,train
4219,train
4220,train
4221,train
4222,train
4223,test
4224,test
4225,train
4226,train
4227,validation
4228,validation
4229,train
4230,train
4231,train
4232,test
4233,train
4234,validation
4235,validation
4236,train
4237,train
4238,train
4239,train
4240,train
4241,validation
4242,test
4243,train
4244,test
4245,train
4246,train
4247,train
4248,train
4249,train
4250,validation
4251,test
4252,train
4253,train
4254,train
4255,train
4256,test
4257,validation
4258,train
4259,test
4260,train
4261,train
4262,train
4263,train
4264,train
4265,test
4266,validation
4267,train
4268,validation
4269,train
4270,validation
4271,test
4272,test
4273,validation
4274,train
4275,test
4276,train
4277,train
4278,train
4279,train
4280,validation
4281,train
4282,validation
4283,train
4284,test
4285,validation
4286,train
4287,validation
4288,test
4289,test
4290,validation
4291,validation
4292,test
4293,train
4294,train
4295,train
4296,train
4297,test
4298,test
4299,train
4300,train
4301,train
4302,train
4303,train
4304,train
4305,train
4306,test
4307,train
4308,test
4309,validation
4310,train
4311,train
4312,train
4313,test
4314,train
4315,train
4316,test
4317,train
4318,train
4319,train
4320,test
4321,train
4322,validation
4323,train
4324,train
4325,test
4326,train
4327,train
4328,test
4329,train
4330,test
4331,test
4332,validation
4333,test
4334,validation
4335,train
4336,train
4337,train
4338,test
4339,train
4340,test
4341,train
4342,train
4343,test
4344,validation
4345,validation
4346,train
4347,train
4348,train
4349,train
4350,test
4351,train
4352,test
4353,train
4354,validation
4355,train
4356,train
4357,train
4358,test
4359,train
4360,train
4361,test
4362,train
4363,train
4364,test
4365,train
4366,train
4367,train
4368,test
4369,train
4370,validation
4371,train
4372,train
4373,train
4374,validation
4375,test
4376,train
4377,validation
4378,train
4379,train
4380,test
4381,train
4382,test
4383,train
4384,train
4385,test
4386,train
4387,train
4388,train
4389,train
4390,train
4391,train
4392,train
4393,test
4394,train
4395,test
4396,train
4397,train
4398,train
4399,validation
4400,train
4401,train
4402,train
4403,train
4404,test
4405,test
4406,train
4407,train
4408,train
4409,train
4410,train
4411,train
4412,validation
4413,validation
4414,test
4415,train
4416,train
4417,train
4418,train
4419,train
4420,train
4421,train
4422,train
4423,validation
4424,validation
4425,train
4426,train
4427,train
4428,test
4429,train
4430,test
4431,train
4432,test
4433,train
4434,train
4435,train
4436,validation
4437,validation
4438,test
4439,train
4440,validation
4441,train
4442,train
4443,train
4444,train
4445,train
4446,train
4447,train
4448,train
4449,train
4450,test
4451,test
4452,train
4453,train
4454,test
4455,test
4456,train
4457,train
4458,validation
4459,test
4460,train
4461,train
4462,test
4463,validation
4464,train
4465,train
4466,train
4467,test
4468,validation
4469,train
4470,train
4471,validation
4472,test
4473,train
4474,train
4475,test
4476,train
4477,train
4478,train
4479,train
4480,validation
4481,train
4482,train
4483,validation
4484,validation
4485,validation
4486,train
4487,train
4488,test
4489,test
4490,train
4491,train
4492,train
4493,validation
4494,train
4495,validation
4496,test
4497,train
4498,train
4499,train
4500,train
4501,validation
4502,validation
4503,test
4504,validation
4505,train
4506,train
4507,train
4508,train
4509,test
4510,validation
4511,train
4512,train
4513,train
4514,train
4515,train
4516,train
4517,train
4518,validation
4519,train
4520,validation
4521,validation
4522,train
4523,train
4524,validation
4525,train
4526,test
4527,train
4528,train
4529,train
4530,train
4531,train
4532,train
4533,train
4534,train
4535,validation
4536,train
4537,train
4538,train
4539,test
4540,train
4541,train
4542,validation
4543,test
4544,test
4545,test
4546,train
4547,test
4548,train
4549,validation
4550,train
4551,validation
4552,train
4553,train
4554,train
4555,train
4556,train
4557,train
4558,train
4559,train
4560,train
4561,train
4562,validation
4563,train
4564,train
4565,train
4566,test
4567,test
4568,train
4569,train
4570,train
4571,train
4572,train
4573,train
4574,validation
4575,validation
4576,test
4577,test
4578,test
4579,validation
4580,train
4581,train
4582,train
4583,validation
4584,train
4585,test
4586,train
4587,train
4588,test
4589,test
4590,train
4591,train
4592,test
4593,train
4594,train
4595,validation
4596,train
4597,train
4598,train
4599,train
4600,train
4601,test
4602,test
4603,train
4604,train
4605,test
4606,train
4607,validation
4608,validation
4609,train
4610,train
4611,test
4612,train
4613,train
4614,train
4615,test
4616,train
4617,validation
4618,test
4619,test
4620,test
4621,train
4622,train
4623,validation
4624,train
4625,train
4626,test
4627,test
4628,test
4629,test
4630,train
4631,test
4632,train
4633,test
4634,train
4635,train
4636,train
4637,test
4638,train
4639,validation
4640,train
4641,train
4642,test
4643,train
4644,train
4645,train
4646,train
4647,train
4648,train
4649,train
4650,train
4651,test
4652,train
4653,test
4654,train
4655,train
4656,train
4657,validation
4658,train
4659,train
4660,train
4661,train
4662,test
4663,train
4664,train
4665,train
4666,train
4667,train
4668,test
4669,train
4670,train
4671,train
4672,test
4673,validation
4674,test
4675,train
4676,train
4677,test
4678,validation
4679,train
4680,test
4681,train
4682,validation
4683,validation
4684,train
4685,train
4686,validation
4687,train
4688,validation
4689,train
4690,train
4691,train
4692,train
4693,test
4694,train
4695,validation
4696,test
4697,test
4698,test
4699,test
4700,test
4701,test
4702,test
4703,train
4704,train
4705,test
4706,validation
4707,validation
4708,train
4709,train
4710,validation
4711,validation
4712,train
4713,validation
4714,train
4715,train
4716,train
4717,train
4718,train
4719,validation
4720,train
4721,test
4722,train
4723,train
4724,validation
4725,train
4726,train
4727,train
4728,test
4729,train
4730,train
4731,train
4732,train
4733,validation
4734,train
4735,validation
4736,test
4737,validation
4738,train
4739,train
4740,train
4741,train
4742,train
4743,train
4744,test
4745,train
4746,train
4747,train
4748,train
4749,train
4750,validation
4751,train
4752,validation
4753,train
4754,train
4755,test
4756,test
4757,train
4758,validation
4759,test
4760,train
4761,test
4762,train
4763,train
4764,train
4765,train
4766,test
4767,test
4768,train
4769,train
4770,train
4771,train
4772,train
4773,train
4774,train
4775,train
4776,test
4777,validation
4778,train
4779,test
4780,train
4781,train
4782,train
4783,train
4784,train
4785,validation
4786,train
4787,test
4788,test
4789,validation
4790,validation
4791,test
4792,validation
4793,train
4794,train
4795,test
4796,train
4797,train
4798,train
4799,train
4800,train
4801,train
4802,validation
4803,train
4804,train
4805,train
4806,train
4807,test
4808,train
4809,train
4810,train
4811,test
4812,train
4813,validation
4814,train
4815,train
4816,train
4817,validation
4818,validation
4819,train
4820,train
4821,train
4822,validation
4823,test
4824,train
4825,train
4826,train
4827,train
4828,train
4829,train
4830,train
4831,validation
4832,train
4833,train
4834,train
4835,train
4836,train
4837,train
4838,test
4839,test
4840,validation
4841,train
4842,validation
4843,train
4844,train
4845,train
4846,train
4847,train
4848,train
4849,train
4850,test
4851,train
4852,test
4853,train
4854,train
4855,train
4856,train
4857,validation
4858,train
4859,train
4860,train
4861,train
4862,test
4863,train
4864,train
4865,train
4866,test
4867,test
4868,train
4869,train
4870,train
4871,train
4872,test
4873,train
4874,test
4875,train
4876,train
4877,train
4878,test
4879,train
4880,train
4881,train
4882,train
4883,validation
4884,validation
4885,train
4886,train
4887,validation
4888,test
4889,validation
4890,validation
4891,train
4892,test
4893,validation
4894,train
4895,train
4896,validation
4897,train
4898,train
4899,train
4900,test
4901,train
4902,validation
4903,test
4904,train
4905,test
4906,train
4907,train
4908,train
4909,train
4910,train
4911,train
4912,train
4913,test
4914,train
4915,validation
4916,train
4917,train
4918,train
4919,train
4920,train
4921,train
4922,train
4923,train
4924,train
4925,train
4926,train
4927,validation
4928,validation
4929,train
4930,train
4931,train
4932,validation
4933,train
4934,test
4935,train
4936,train
4937,train
4938,train
4939,validation
4940,train
4941,train
4942,validation
4943,train
4944,train
4945,train
4946,validation
4947,train
4948,train
4949,train
4950,train
4951,test
4952,train
4953,train
4954,train
4955,train
4956,train
4957,train
4958,train
4959,train
4960,train
4961,test
4962,validation
4963,train
4964,test
4965,validation
4966,train
4967,test
4968,test
4969,test
4970,train
4971,train
4972,train
4973,validation
4974,train
4975,train
4976,train
4977,train
4978,train
4979,train
4980,train
4981,test
4982,validation
4983,validation
4984,validation
4985,train
4986,test
4987,train
4988,validation
4989,train
4990,train
4991,validation
4992,test
4993,train
4994,validation
4995,test
4996,train
4997,train
4998,train
4999,train
5000,train
5001,train
5002,train
5003,train
5004,validation
5005,train
5006,train
5007,train
5008,train
5009,train
5010,train
5011,train
5012,train
5013,test
5014,train
5015,train
5016,test
5017,train
5018,train
5019,test
5020,test
5021,validation
5022,train
5023,train
5024,test
5025,train
5026,test
5027,train
5028,train
5029,validation
5030,train
5031,test
5032,train
5033,validation
5034,train
5035,test
5036,train
5037,train
5038,train
5039,train
5040,test
5041,test
5042,test
5043,train
5044,train
5045,test
5046,train
5047,test
5048,train
5049,train
5050,train
5051,train
5052,validation
5053,train
5054,train
5055,train
5056,train
5057,test
5058,validation
5059,train
5060,train
5061,train
5062,train
5063,train
5064,train
5065,train
5066,train
5067,train
5068,train
5069,test
5070,train
5071,train
5072,train
5073,test
5074,train
5075,train
5076,validation
5077,train
5078,validation
5079,test
5080,train
5081,train
5082,train
5083,train
5084,test
5085,train
5086,validation
5087,test
5088,test
5089,train
5090,train
5091,test
5092,test
5093,train
5094,validation
5095,train
5096,test
5097,test
5098,train
5099,train
5100,train
5101,train
5102,validation
5103,train
5104,train
5105,train
5106,validation
5107,test
5108,train
5109,train
5110,validation
5111,test
5112,train
5113,train
5114,test
5115,train
5116,train
5117,train
5118,train
5119,validation
5120,test
5121,train
5122,test
5123,train
5124,validation
5125,test
5126,train
5127,test
5128,validation
5129,train
5130,test
5131,test
5132,validation
5133,train
5134,train
5135,validation
5136,train
5137,validation
5138,train
5139,train
5140,train
5141,train
5142,train
5143,test
5144,train
5145,train
5146,train
5147,train
5148,test
5149,test
5150,test
5151,train
5152,train
5153,train
5154,train
5155,train
5156,train
5157,train
5158,train
5159,train
5160,train
5161,train
5162,train
5163,validation
5164,train
5165,test
5166,validation
5167,validation
5168,train
5169,train
5170,test
5171,train
5172,test
5173,validation
5174,train
5175,train
5176,train
5177,train
5178,validation
5179,train
5180,train
5181,train
5182,train
5183,test
5184,train
5185,test
5186,validation
5187,train
5188,train
5189,train
5190,train
5191,train
5192,validation
5193,train
5194,train
5195,train
5196,test
5197,train
5198,train
5199,train
5200,train
5201,train
5202,validation
5203,test
5204,validation
5205,train
5206,validation
5207,test
5208,test
5209,train
5210,test
5211,train
5212,test
5213,train
5214,train
5215,test
5216,train
5217,train
5218,train
5219,test
5220,train
5221,train
5222,train
5223,validation
5224,train
5225,validation
5226,test
5227,train
5228,train
5229,validation
5230,train
5231,train
5232,validation
5233,train
5234,validation
5235,validation
5236,train
5237,train
5238,train
5239,train
5240,train
5241,train
5242,train
5243,train
5244,train
5245,test
5246,train
5247,train
5248,train
5249,train
5250,train
5251,train
5252,train
5253,train
5254,train
5255,train
5256,test
5257,validation
5258,train
5259,train
5260,validation
5261,train
5262,train
5263,train
5264,train
5265,train
5266,train
5267,train
5268,validation
5269,test
5270,train
5271,test
5272,validation
5273,train
5274,train
5275,validation
5276,train
5277,train
5278,train
5279,validation
5280,validation
5281,train
5282,train
5283,test
5284,train
5285,train
5286,train
5287,test
5288,train
5289,train
5290,train
5291,test
5292,test
5293,train
5294,train
5295,validation
5296,test
5297,train
5298,train
5299,train
5300,validation
5301,train
5302,validation
5303,test
5304,train
5305,validation
5306,test
5307,train
5308,test
5309,train
5310,train
5311,train
5312,train
5313,train
5314,test
5315,train
5316,validation
5317,train
5318,train
5319,train
5320,train
5321,train
5322,train
5323,train
5324,test
5325,test
5326,test
5327,train
5328,train
5329,test
5330,train
5331,train
5332,train
5333,train
5334,train
5335,train
5336,train
5337,train
5338,validation
5339,train
5340,train
5341,train
5342,train
5343,train
5344,train
5345,train
5346,test
5347,test
5348,train
5349,train
5350,train
5351,test
5352,validation
5353,train
5354,train
5355,train
5356,validation
5357,test
5358,test
5359,train
5360,train
5361,validation
5362,train
5363,train
5364,test
5365,validation
5366,test
5367,validation
5368,test
5369,train
5370,train
5371,train
5372,validation
5373,train
5374,train
5375,train
5376,test
5377,validation
5378,test
5379,validation
5380,train
5381,train
5382,train
5383,train
5384,test
5385,train
5386,train
5387,validation
5388,train
5389,train
5390,train
5391,train
5392,test
5393,validation
5394,train
5395,train
5396,validation
5397,train
5398,train
5399,train
5400,test
5401,train
5402,train
5403,train
5404,test
5405,validation
5406,train
5407,test
5408,train
5409,train
5410,train
5411,train
5412,train
5413,train
5414,train
5415,train
5416,train
5417,train
5418,test
5419,train
5420,validation
5421,train
5422,train
5423,test
5424,test
5425,test
5426,train
5427,train
5428,test
5429,train
5430,train
5431,train
5432,train
5433,validation
5434,test
5435,train
5436,train
5437,test
5438,train
5439,validation
5440,train
5441,train
5442,validation
5443,train
5444,train
5445,train
5446,train
5447,validation
5448,train
5449,test
5450,train
5451,validation
5452,train
5453,test
5454,test
5455,train
5456,train
5457,train
5458,train
5459,train
5460,train
5461,train
5462,train
5463,train
5464,train
5465,train
5466,train
5467,validation
5468,test
5469,train
5470,train
5471,train
5472,validation
5473,train
5474,train
5475,validation
5476,train
5477,validation
5478,test
5479,test
5480,validation
5481,validation
5482,train
5483,test
5484,test
5485,train
5486,test
5487,train
5488,validation
5489,train
5490,test
5491,train
5492,train
5493,train
5494,train
5495,train
5496,train
5497,test
5498,validation
5499,train
5500,test
5501,train
5502,train
5503,validation
5504,test
5505,train
5506,test
5507,train
5508,train
5509,validation
5510,train
5511,train
5512,train
5513,train
5514,validation
5515,train
5516,validation
5517,validation
5518,validation
5519,train
5520,train
5521,train
5522,train
5523,test
5524,test
5525,train
5526,validation
5527,train
5528,test
5529,train
5530,train
5531,train
5532,train
5533,train
5534,train
5535,test
5536,train
5537,train
5538,train
5539,train
5540,test
5541,train
5542,test
5543,train
5544,test
5545,train
5546,train
5547,train
5548,test
5549,train
5550,test
5551,train
5552,train
5553,train
5554,test
5555,train
5556,validation
5557,train
5558,validation
5559,train
5560,test
5561,train
5562,validation
5563,validation
5564,test
5565,train
5566,train
5567,train
5568,test
5569,test
5570,train
5571,train
5572,train
5573,train
5574,train
5575,test
5576,train
5577,validation
5578,validation
5579,train
5580,train
5581,train
5582,train
5583,test
5584,train
5585,train
5586,train
5587,train
5588,validation
5589,train
5590,validation
5591,test
5592,test
5593,train
5594,train
5595,test
5596,train
5597,test
5598,validation
5599,train
5600,train
5601,test
5602,train
5603,train
5604,train
5605,train
5606,train
5607,train
5608,train
5609,train
5610,train
5611,validation
5612,train
5613,validation
5614,train
5615,validation
5616,train
5617,validation
5618,validation
5619,train
5620,train
5621,test
5622,validation
5623,train
5624,test
5625,validation
5626,validation
5627,train
5628,validation
5629,validation
5630,train
5631,train
5632,train
5633,train
5634,test
5635,train
5636,train
5637,validation
5638,test
5639,validation
5640,train
5641,test
5642,train
5643,test
5644,test
5645,validation
5646,train
5647,train
5648,validation
5649,train
5650,train
5651,train
5652,test
5653,train
5654,validation
5655,train
5656,validation
5657,test
5658,train
5659,test
5660,train
5661,train
5662,train
5663,train
5664,test
5665,train
5666,test
5667,train
5668,train
5669,train
5670,train
5671,test
5672,train
5673,train
5674,test
5675,train
5676,train
5677,validation
5678,validation
5679,validation
5680,test
5681,train
5682,train
5683,train
5684,train
5685,train
5686,train
5687,train
5688,train
5689,train
5690,train
5691,train
5692,train
5693,test
5694,train
5695,train
5696,test
5697,train
5698,train
5699,train
5700,test
5701,test
5702,test
5703,validation
5704,test
5705,validation
5706,test
5707,test
5708,train
5709,validation
5710,validation
5711,train
5712,train
5713,train
5714,train
5715,test
5716,train
5717,train
5718,train
5719,train
5720,test
5721,train
5722,train
5723,train
5724,train
5725,train
5726,train
5727,test
5728,train
5729,test
5730,train
5731,train
5732,train
5733,test
5734,validation
5735,validation
5736,train
5737,train
5738,train
5739,test
5740,train
5741,validation
5742,validation
5743,test
5744,train
5745,train
5746,train
5747,train
5748,test
5749,train
5750,train
5751,train
5752,validation
5753,train
5754,train
5755,train
5756,train
5757,train
5758,train
5759,train
5760,train
5761,train
5762,train
5763,train
5764,train
5765,train
5766,train
5767,train
5768,train
5769,train
5770,train
5771,validation
5772,train
5773,validation
5774,train
5775,train
5776,train
5777,validation
5778,train
5779,validation
5780,train
5781,train
5782,train
5783,test
5784,validation
5785,validation
5786,train
5787,test
5788,test
5789,test
5790,validation
5791,train
5792,test
5793,train
5794,test
5795,validation
5796,test
5797,train
5798,train
5799,train
5800,train
5801,validation
5802,train
5803,train
5804,train
5805,train
5806,train
5807,train
5808,train
5809,train
5810,train
5811,train
5812,train
5813,test
5814,train
5815,train
5816,train
5817,train
5818,test
5819,train
5820,test
5821,test
5822,test
5823,train
5824,train
5825,train
5826,train
5827,train
5828,test
5829,train
5830,train
5831,test
5832,train
5833,validation
5834,train
5835,train
5836,train
5837,train
5838,test
5839,validation
5840,train
5841,test
5842,validation
5843,train
5844,validation
5845,test
5846,train
5847,train
5848,validation
5849,test
5850,train
5851,validation
5852,train
5853,test
5854,train
5855,train
5856,validation
5857,test
5858,train
5859,train
5860,train
5861,train
5862,validation
5863,train
5864,train
5865,train
5866,train
5867,train
5868,train
5869,train
5870,train
5871,test
5872,test
5873,train
5874,train
5875,test
5876,validation
5877,train
5878,test
5879,test
5880,train
5881,train
5882,train
5883,train
5884,test
5885,train
5886,train
5887,train
5888,train
5889,validation
5890,train
5891,validation
5892,train
5893,train
5894,validation
5895,train
5896,train
5897,test
5898,test
5899,train
5900,validation
5901,train
5902,train
5903,train
5904,train
5905,train
5906,train
5907,train
5908,test
5909,train
5910,validation
5911,train
5912,test
5913,train
5914,train
5915,train
5916,train
5917,train
5918,train
5919,validation
5920,train
5921,validation
5922,train
5923,train
5924,validation
5925,train
5926,train
5927,train
5928,validation
5929,test
5930,train
5931,train
5932,validation
5933,train
5934,train
5935,train
5936,train
5937,train
5938,train
5939,train
5940,train
5941,train
5942,validation
5943,train
5944,train
5945,test
5946,test
5947,train
5948,train
5949,train
5950,train
5951,train
5952,validation
5953,train
5954,test
5955,train
5956,train
5957,train
5958,train
5959,test
5960,train
5961,train
5962,train
5963,train
5964,train
5965,train
5966,train
5967,train
5968,test
5969,train
5970,validation
5971,train
5972,train
5973,test
5974,train
5975,validation
5976,train
5977,train
5978,train
5979,test
5980,validation
5981,test
5982,train
5983,train
5984,train
5985,train
5986,validation
5987,test
5988,train
5989,test
5990,train
5991,train
5992,validation
5993,train
5994,train
5995,train
5996,train
5997,test
5998,train
5999,train
6000,train
6001,test
6002,validation
6003,train
6004,train
6005,train
6006,test
6007,train
6008,train
6009,train
6010,train
6011,train
6012,train
6013,test
6014,train
6015,test
6016,test
6017,train
6018,train
6019,train
6020,train
6021,test
6022,train
6023,test
6024,train
6025,train
6026,train
6027,validation
6028,train
6029,validation
6030,test
6031,train
6032,train
6033,test
6034,train
6035,train
6036,test
6037,train
6038,validation
6039,train
6040,train
6041,validation
6042,train
6043,train
6044,train
6045,test
6046,train
6047,train
6048,test
6049,train
6050,validation
6051,train
6052,train
6053,test
6054,test
6055,train
6056,train
6057,train
6058,test
6059,test
6060,validation
6061,validation
6062,train
6063,train
6064,train
6065,train
6066,validation
6067,train
6068,test
6069,train
6070,train
6071,train
6072,train
6073,train
6074,train
6075,validation
6076,train
6077,train
6078,train
6079,test
6080,train
6081,train
6082,train
6083,validation
6084,train
6085,train
6086,train
6087,train
6088,train
6089,validation
6090,validation
6091,test
6092,validation
6093,train
6094,train
6095,train
6096,train
6097,train
6098,train
6099,train
6100,train
6101,train
6102,test
6103,train
6104,train
6105,train
6106,train
6107,train
6108,train
6109,train
6110,train
6111,validation
6112,test
6113,test
6114,train
6115,validation
6116,train
6117,test
6118,validation
6119,train
6120,train
6121,validation
6122,test
6123,train
6124,train
6125,validation
6126,train
6127,train
6128,test
6129,validation
6130,validation
6131,train
6132,train
6133,train
6134,validation
6135,test
6136,test
6137,train
6138,train
6139,test
6140,validation
6141,train
6142,train
6143,train
6144,validation
6145,train
6146,validation
6147,validation
6148,validation
6149,train
6150,test
6151,validation
6152,validation
6153,test
6154,train
6155,train
6156,test
6157,train
6158,train
6159,train
6160,train
6161,train
6162,train
6163,validation
6164,train
6165,train
6166,train
6167,train
6168,train
6169,train
6170,train
6171,train
6172,train
6173,validation
6174,test
6175,train
6176,test
6177,train
6178,test
6179,validation
6180,train
6181,test
6182,train
6183,test
6184,validation
6185,test
6186,train
6187,validation
6188,train
6189,validation
6190,train
6191,train
6192,train
6193,train
6194,train
6195,train
6196,train
6197,validation
6198,train
6199,train
6200,train
6201,train
6202,train
6203,test
6204,train
6205,test
6206,train
6207,train
6208,train
6209,test
6210,train
6211,test
6212,train
6213,test
6214,train
6215,train
6216,test
6217,train
6218,train
6219,train
6220,train
6221,test
6222,train
6223,validation
6224,train
6225,train
6226,train
6227,train
6228,test
6229,train
6230,train
6231,validation
6232,train
6233,test
6234,train
6235,train
6236,train
6237,test
6238,train
6239,test
6240,train
6241,validation
6242,validation
6243,train
6244,validation
6245,train
6246,test
6247,train
6248,test
6249,validation
6250,train
6251,test
6252,test
6253,validation
6254,train
6255,train
6256,train
6257,validation
6258,validation
6259,train
6260,train
6261,train
6262,test
6263,train
6264,validation
6265,validation
6266,train
6267,test
6268,train
6269,train
6270,train
6271,train
6272,train
6273,train
6274,train
6275,validation
6276,train
6277,test
6278,train
6279,train
6280,test
6281,test
6282,validation
6283,train
6284,test
6285,train
6286,train
6287,train
6288,train
6289,test
6290,train
6291,validation
6292,train
6293,test
6294,train
6295,train
6296,test
6297,train
6298,train
6299,train
6300,test
6301,train
6302,validation
6303,test
6304,train
6305,train
6306,train
6307,test
6308,train
6309,train
6310,train
6311,train
6312,test
6313,validation
6314,validation
6315,train
6316,train
6317,test
6318,train
6319,train
6320,train
6321,train
6322,train
6323,train
6324,test
6325,train
6326,validation
6327,train
6328,train
6329,train
6330,train
6331,train
6332,train
6333,train
6334,train
6335,train
6336,validation
6337,train
6338,validation
6339,train
6340,train
6341,train
6342,train
6343,train
6344,test
6345,train
6346,train
6347,train
6348,test
6349,test
6350,train
6351,train
6352,train
6353,train
6354,train
6355,test
6356,test
6357,train
6358,train
6359,train
6360,train
6361,test
6362,train
6363,train
6364,validation
6365,test
6366,train
6367,train
6368,test
6369,validation
6370,test
6371,test
6372,validation
6373,train
6374,train
6375,train
6376,train
6377,train
6378,train
6379,train
6380,train
6381,train
6382,test
6383,train
6384,train
6385,train
6386,validation
6387,train
6388,test
6389,train
6390,train
6391,train
6392,train
6393,train
6394,train
6395,train
6396,train
6397,validation
6398,test
6399,train
6400,train
6401,validation
6402,test
6403,train
6404,validation
6405,train
6406,train
6407,train
6408,validation
6409,train
6410,train
6411,train
6412,train
6413,train
6414,train
6415,train
6416,test
6417,train
6418,train
6419,train
6420,validation
6421,test
6422,train
6423,train
6424,train
6425,train
6426,train
6427,validation
6428,train
6429,train
6430,validation
6431,test
6432,train
6433,test
6434,train
6435,test
6436,validation
6437,train
6438,train
6439,test
6440,train
6441,validation
6442,train
6443,train
6444,train
6445,train
6446,train
6447,train
6448,train
6449,train
6450,test
6451,test
6452,test
6453,train
6454,train
6455,train
6456,train
6457,test
6458,train
6459,validation
6460,train
6461,train
6462,train
6463,train
6464,test
6465,train
6466,train
6467,train
6468,train
6469,train
6470,train
6471,train
6472,train
6473,validation
6474,validation
6475,train
6476,train
6477,train
6478,train
6479,train
6480,test
6481,train
6482,train
6483,validation
6484,train
6485,train
6486,train
6487,train
6488,validation
6489,train
6490,train
6491,train
6492,validation
6493,validation
6494,train
6495,validation
6496,test
6497,test
6498,test
6499,train
6500,train
6501,train
6502,test
6503,validation
6504,test
6505,test
6506,train
6507,test
6508,validation
6509,train
6510,test
6511,train
6512,validation
6513,train
6514,test
6515,validation
6516,train
6517,train
6518,validation
6519,train
6520,train
6521,train
6522,train
6523,test
6524,validation
6525,train
6526,train
6527,test
6528,train
6529,train
6530,train
6531,train
6532,test
6533,train
6534,train
6535,test
6536,validation
6537,validation
6538,train
6539,test
6540,train
6541,test
6542,validation
6543,validation
6544,train
6545,train
6546,train
6547,test
6548,train
6549,test
6550,train
6551,train
6552,train
6553,validation
6554,test
6555,test
6556,train
6557,train
6558,test
6559,test
6560,train
6561,train
6562,train
6563,validation
6564,test
6565,test
6566,test
6567,train
6568,validation
6569,train
6570,train
6571,validation
6572,train
6573,test
6574,test
6575,train
6576,test
6577,train
6578,train
6579,train
6580,validation
6581,train
6582,train
6583,train
6584,test
6585,train
6586,train
6587,test
6588,validation
6589,validation
6590,train
6591,test
6592,train
6593,train
6594,validation
6595,train
6596,train
6597,train
6598,test
6599,train
6600,train
6601,validation
6602,test
6603,train
6604,train
6605,validation
6606,train
6607,validation
6608,train
6609,train
6610,train
6611,train
6612,train
6613,test
6614,train
6615,train
6616,train
6617,validation
6618,validation
6619,validation
6620,train
6621,train
6622,train
6623,validation
6624,train
6625,test
6626,train
6627,validation
6628,train
6629,validation
6630,train
6631,test
6632,train
6633,train
6634,train
6635,validation
6636,validation
6637,train
6638,train
6639,validation
6640,test
6641,validation
6642,validation
6643,test
6644,train
6645,validation
6646,test
6647,train
6648,test
6649,train
6650,train
6651,train
6652,validation
6653,train
6654,train
6655,train
6656,train
6657,train
6658,validation
6659,train
6660,train
6661,train
6662,train
6663,train
6664,validation
6665,validation
6666,train
6667,train
6668,test
6669,train
6670,train
6671,train
6672,train
6673,train
6674,train
6675,test
6676,train
6677,train
6678,train
6679,train
6680,train
6681,train
6682,train
6683,train
6684,validation
6685,train
6686,train
6687,test
6688,train
6689,train
6690,train
6691,train
6692,train
6693,validation
6694,test
6695,train
6696,train
6697,train
6698,train
6699,train
6700,validation
6701,train
6702,train
6703,validation
6704,test
6705,train
6706,validation
6707,train
6708,test
6709,train
6710,validation
6711,train
6712,validation
6713,test
6714,train
6715,test
6716,validation
6717,validation
6718,validation
6719,train
6720,test
6721,train
6722,train
6723,train
6724,train
6725,validation
6726,train
6727,train
6728,test
6729,train
6730,test
6731,test
6732,train
6733,train
6734,validation
6735,train
6736,train
6737,train
6738,train
6739,train
6740,train
6741,test
6742,train
6743,test
6744,train
6745,test
6746,train
6747,validation
6748,validation
6749,train
6750,train
6751,test
6752,train
6753,train
6754,train
6755,validation
6756,train
6757,train
6758,test
6759,validation
6760,train
6761,train
6762,train
6763,train
6764,validation
6765,test
6766,train
6767,train
6768,test
6769,train
6770,train
6771,train
6772,validation
6773,train
6774,validation
6775,train
6776,validation
6777,train
6778,train
6779,validation
6780,validation
6781,test
6782,train
6783,train
6784,validation
6785,train
6786,validation
6787,train
6788,train
6789,test
6790,train
6791,train
6792,train
6793,train
6794,train
6795,train
6796,train
6797,train
6798,train
6799,train
6800,train
6801,train
6802,train
6803,test
6804,test
6805,train
6806,test
6807,train
6808,train
6809,train
6810,train
6811,train
6812,train
6813,train
6814,train
6815,train
6816,test
6817,test
6818,test
6819,validation
6820,test
6821,train
6822,test
6823,train
6824,train
6825,validation
6826,train
6827,train
6828,train
6829,train
6830,train
6831,train
6832,train
6833,train
6834,train
6835,train
6836,train
6837,train
6838,train
6839,test
6840,validation
6841,test
6842,train
6843,train
6844,train
6845,train
6846,test
6847,train
6848,train
6849,test
6850,train
6851,train
6852,train
6853,train
6854,train
6855,train
6856,train
6857,train
6858,train
6859,train
6860,validation
6861,test
6862,train
6863,train
6864,test
6865,train
6866,train
6867,validation
6868,train
6869,train
6870,validation
6871,validation
6872,train
6873,train
6874,train
6875,train
6876,test
6877,validation
6878,train
6879,train
6880,validation
6881,validation
6882,train
6883,train
6884,validation
6885,test
6886,validation
6887,train
6888,test
6889,train
6890,test
6891,train
6892,test
6893,test
6894,validation
6895,test
6896,train
6897,train
6898,train
6899,train
6900,train
6901,validation
6902,train
6903,train
6904,train
6905,train
6906,train
6907,validation
6908,train
6909,validation
6910,validation
6911,test
6912,train
6913,train
6914,test
6915,train
6916,test
6917,train
6918,train
6919,train
6920,test
6921,test
6922,train
6923,validation
6924,train
6925,train
6926,train
6927,train
6928,train
6929,train
6930,train
6931,test
6932,test
6933,validation
6934,test
6935,train
6936,validation
6937,train
6938,train
6939,train
6940,train
6941,train
6942,train
6943,test
6944,validation
6945,test
6946,test
6947,train
6948,train
6949,train
6950,validation
6951,train
6952,train
6953,test
6954,train
6955,test
6956,train
6957,train
6958,validation
6959,validation
6960,train
6961,validation
6962,train
6963,validation
6964,validation
6965,train
6966,train
6967,train
6968,train
6969,train
6970,train
6971,train
6972,test
6973,train
6974,train
6975,train
6976,train
6977,train
6978,train
6979,train
6980,test
6981,train
6982,test
6983,train
6984,validation
6985,train
6986,train
6987,test
6988,validation
6989,train
6990,train
6991,validation
6992,train
6993,train
6994,train
6995,train
6996,train
6997,train
6998,validation
6999,train
7000,validation
7001,test
7002,train
7003,train
7004,train
7005,train
7006,train
7007,train
7008,train
7009,validation
7010,test
7011,test
7012,test
7013,train
7014,train
7015,train
7016,test
7017,test
7018,test
7019,validation
7020,train
7021,train
7022,train
7023,train
7024,train
7025,validation
7026,validation
7027,train
7028,test
7029,validation
7030,train
7031,train
7032,validation
7033,train
7034,train
7035,train
7036,train
7037,train
7038,validation
7039,train
7040,train
7041,train
7042,test
7043,train
7044,train
7045,train
7046,test
7047,test
7048,train
7049,validation
7050,train
7051,train
7052,test
7053,validation
7054,train
7055,validation
7056,test
7057,test
7058,train
7059,train
7060,validation
7061,train
7062,train
7063,test
7064,validation
7065,train
7066,train
7067,test
7068,train
7069,train
7070,validation
7071,train
7072,train
7073,train
7074,train
7075,train
7076,train
7077,train
7078,train
7079,test
7080,train
7081,test
7082,train
7083,validation
7084,validation
7085,train
7086,train
7087,test
7088,test
7089,train
7090,train
7091,test
7092,train
7093,validation
7094,test
7095,test
7096,train
7097,train
7098,train
7099,validation
7100,train
7101,test
7102,validation
7103,train
7104,train
7105,train
7106,train
7107,train
7108,train
7109,train
7110,train
7111,train
7112,train
7113,train
7114,train
7115,test
7116,test
7117,train
7118,validation
7119,validation
7120,train
7121,train
7122,train
7123,train
7124,train
7125,train
7126,train
7127,train
7128,train
7129,validation
7130,train
7131,train
7132,train
7133,train
7134,test
7135,train
7136,train
7137,train
7138,train
7139,train
7140,train
7141,train
7142,train
7143,train
7144,train
7145,test
7146,train
7147,train
7148,train
7149,validation
7150,train
7151,train
7152,train
7153,train
7154,validation
7155,test
7156,train
7157,train
7158,validation
7159,train
7160,validation
7161,train
7162,train
7163,test
7164,test
7165,train
7166,train
7167,train
7168,train
7169,train
7170,test
7171,train
7172,train
7173,train
7174,test
7175,test
7176,test
7177,test
7178,test
7179,train
7180,train
7181,test
7182,train
7183,train
7184,train
7185,train
7186,train
7187,train
7188,test
7189,validation
7190,train
7191,train
7192,train
7193,test
7194,train
7195,train
7196,train
7197,validation
7198,train
7199,train
7200,test
7201,validation
7202,validation
7203,train
7204,train
7205,train
7206,validation
7207,test
7208,validation
7209,train
7210,train
7211,train
7212,train
7213,validation
7214,validation
7215,validation
7216,train
7217,train
7218,validation
7219,test
7220,test
7221,test
7222,train
7223,validation
7224,test
7225,train
7226,test
7227,test
7228,train
7229,train
7230,train
7231,test
7232,test
7233,validation
7234,train
7235,train
7236,train
7237,train
7238,train
7239,train
7240,train
7241,validation
7242,validation
7243,test
7244,train
7245,train
7246,validation
7247,validation
7248,train
7249,test
7250,validation
7251,train
7252,train
7253,test
7254,test
7255,validation
7256,train
7257,train
7258,train
7259,train
7260,validation
7261,train
7262,train
7263,test
7264,test
7265,validation
7266,train
7267,train
7268,train
7269,test
7270,train
7271,test
7272,train
7273,validation
7274,train
7275,validation
7276,train
7277,train
7278,train
7279,test
7280,train
7281,train
7282,train
7283,train
7284,train
7285,train
7286,test
7287,train
7288,test
7289,test
7290,train
7291,train
7292,train
7293,test
7294,test
7295,train
7296,validation
7297,train
7298,test
7299,validation
7300,train
7301,train
7302,train
7303,train
7304,train
7305,train
7306,test
7307,train
7308,train
7309,train
7310,test
7311,test
7312,train
7313,test
7314,test
7315,train
7316,train
7317,validation
7318,train
7319,test
7320,validation
7321,validation
7322,train
7323,train
7324,train
7325,test
7326,train
7327,test
7328,train
7329,train
7330,train
7331,validation
7332,validation
7333,train
7334,train
7335,train
7336,test
7337,train
7338,train
7339,train
7340,test
7341,test
7342,validation
7343,test
7344,train
7345,train
7346,test
7347,validation
7348,train
7349,train
7350,train
7351,train
7352,train
7353,test
7354,train
7355,train
7356,train
7357,train
7358,train
7359,train
7360,validation
7361,train
7362,train
7363,test
7364,train
7365,validation
7366,train
7367,test
7368,train
7369,train
7370,train
7371,train
7372,train
7373,train
7374,test
7375,validation
7376,train
7377,validation
7378,train
7379,train
7380,train
7381,train
7382,test
7383,test
7384,train
7385,test
7386,test
7387,validation
7388,train
7389,validation
7390,validation
7391,train
7392,train
7393,train
7394,train
7395,train
7396,test
7397,train
7398,test
7399,test
7400,train
7401,test
7402,train
7403,test
7404,train
7405,test
7406,validation
7407,train
7408,test
7409,test
7410,test
7411,train
7412,train
7413,train
7414,train
7415,train
7416,train
7417,train
7418,train
7419,train
7420,train
7421,validation
7422,test
7423,train
7424,test
7425,test
7426,train
7427,train
7428,train
7429,train
7430,train
7431,train
7432,test
7433,train
7434,validation
7435,train
7436,test
7437,train
7438,train
7439,train
7440,train
7441,train
7442,test
7443,test
7444,validation
7445,train
7446,train
7447,train
7448,train
7449,test
7450,train
7451,train
7452,train
7453,test
7454,train
7455,train
7456,train
7457,train
7458,validation
7459,train
7460,test
7461,validation
7462,train
7463,train
7464,test
7465,train
7466,train
7467,train
7468,train
7469,test
7470,validation
7471,test
7472,train
7473,train
7474,validation
7475,test
7476,validation
7477,test
7478,train
7479,validation
7480,train
7481,test
7482,train
7483,train
7484,train
7485,validation
7486,train
7487,train
7488,train
7489,train
7490,train
7491,test
7492,train
7493,test
7494,train
7495,train
7496,train
7497,train
7498,train
7499,test
7500,test
7501,train
7502,train
7503,test
7504,validation
7505,train
7506,test
7507,validation
7508,train
7509,train
7510,train
7511,train
7512,validation
7513,train
7514,train
7515,train
7516,train
7517,validation
7518,train
7519,test
7520,train
7521,validation
7522,train
7523,train
7524,train
7525,train
7526,test
7527,test
7528,test
7529,train
7530,train
7531,train
7532,test
7533,validation
7534,train
7535,train
7536,train
7537,train
7538,validation
7539,train
7540,train
7541,test
7542,validation
7543,train
7544,validation
7545,train
7546,train
7547,train
7548,train
7549,train
7550,train
7551,train
7552,validation
7553,train
7554,test
7555,train
7556,train
7557,train
7558,test
7559,train
7560,train
7561,train
7562,test
7563,validation
7564,train
7565,train
7566,train
7567,train
7568,validation
7569,test
7570,train
7571,train
7572,train
7573,train
7574,test
7575,test
7576,train
7577,test
7578,train
7579,train
7580,train
7581,test
7582,train
7583,train
7584,test
7585,train
7586,train
7587,train
7588,validation
7589,validation
7590,train
7591,train
7592,train
7593,train
7594,train
7595,train
7596,validation
7597,train
7598,train
7599,validation
7600,train
7601,train
7602,train
7603,test
7604,test
7605,train
7606,test
7607,train
7608,train
7609,train
7610,validation
7611,train
7612,train
7613,train
7614,train
7615,train
7616,train
7617,validation
7618,test
7619,train
7620,train
7621,train
7622,test
7623,train
7624,train
7625,validation
7626,train
7627,train
7628,train
7629,validation
7630,train
7631,test
7632,train
7633,train
7634,train
7635,test
7636,train
7637,train
7638,validation
7639,train
7640,validation
7641,train
7642,test
7643,test
7644,train
7645,train
7646,train
7647,train
7648,train
7649,test
7650,validation
7651,train
7652,test
7653,train
7654,train
7655,validation
7656,train
7657,train
7658,validation
7659,train
7660,test
7661,train
7662,train
7663,test
7664,train
7665,train
7666,train
7667,validation
7668,train
7669,validation
7670,train
7671,train
7672,train
7673,validation
7674,validation
7675,train
7676,validation
7677,train
7678,test
7679,train
7680,train
7681,test
7682,train
7683,test
7684,train
7685,test
7686,train
7687,train
7688,train
7689,train
7690,train
7691,train
7692,train
7693,train
7694,test
7695,train
7696,train
7697,train
7698,test
7699,train
7700,train
7701,train
7702,test
7703,test
7704,train
7705,train
7706,validation
7707,train
7708,train
7709,train
7710,train
7711,validation
7712,test
7713,test
7714,train
7715,test
7716,train
7717,train
7718,test
7719,validation
7720,train
7721,train
7722,train
7723,train
7724,validation
7725,train
7726,train
7727,train
7728,validation
7729,train
7730,validation
7731,test
7732,train
7733,train
7734,train
7735,train
7736,validation
7737,test
7738,train
7739,train
7740,test
7741,train
7742,train
7743,test
7744,validation
7745,train
7746,train
7747,train
7748,train
7749,test
7750,train
7751,validation
7752,validation
7753,train
7754,train
7755,train
7756,train
7757,train
7758,train
7759,train
7760,train
7761,train
7762,validation
7763,train
7764,validation
7765,train
7766,validation
7767,train
7768,train
7769,train
7770,test
7771,train
7772,train
7773,train
7774,validation
7775,validation
7776,test
7777,train
7778,train
7779,validation
7780,test
7781,train
7782,validation
7783,test
7784,train
7785,validation
7786,test
7787,test
7788,test
7789,train
7790,train
7791,test
7792,train
7793,validation
7794,train
7795,train
7796,train
7797,train
7798,validation
7799,train
7800,train
7801,validation
7802,train
7803,train
7804,train
7805,train
7806,test
7807,train
7808,test
7809,train
7810,test
7811,train
7812,train
7813,train
7814,train
7815,test
7816,test
7817,train
7818,train
7819,train
7820,train
7821,train
7822,train
7823,test
7824,train
7825,train
7826,train
7827,train
7828,train
7829,validation
7830,validation
7831,validation
7832,train
7833,train
7834,train
7835,train
7836,train
7837,train
7838,train
7839,train
7840,test
7841,train
7842,validation
7843,test
7844,validation
7845,test
7846,train
7847,train
7848,train
7849,train
7850,test
7851,train
7852,test
7853,test
7854,train
7855,train
7856,train
7857,train
7858,test
7859,test
7860,train
7861,validation
7862,test
7863,train
7864,validation
7865,train
7866,validation
7867,train
7868,test
7869,validation
7870,train
7871,validation
7872,test
7873,test
7874,test
7875,test
7876,train
7877,train
7878,train
7879,train
7880,validation
7881,train
7882,train
7883,train
7884,train
7885,test
7886,test
7887,train
7888,validation
7889,validation
7890,train
7891,train
7892,validation
7893,validation
7894,test
7895,train
7896,train
7897,train
7898,train
7899,validation
7900,train
7901,train
7902,train
7903,train
7904,train
7905,train
7906,validation
7907,train
7908,train
7909,train
7910,train
7911,train
7912,validation
7913,validation
7914,train
7915,validation
7916,test
7917,train
7918,train
7919,train
7920,test
7921,train
7922,train
7923,train
7924,train
7925,train
7926,train
7927,train
7928,train
7929,test
7930,train
7931,train
7932,train
7933,validation
7934,train
7935,train
7936,train
7937,validation
7938,train
7939,validation
7940,train
7941,test
7942,train
7943,test
7944,train
7945,validation
7946,validation
7947,train
7948,test
7949,train
7950,train
7951,test
7952,train
7953,train
7954,validation
7955,train
7956,train
7957,test
7958,train
7959,train
7960,train
7961,train
7962,train
7963,train
7964,train
7965,validation
7966,train
7967,test
7968,test
7969,train
7970,train
7971,train
7972,train
7973,test
7974,test
7975,train
7976,train
7977,train
7978,train
7979,test
7980,train
7981,train
7982,train
7983,test
7984,train
7985,train
7986,test
7987,test
7988,train
7989,validation
7990,train
7991,train
7992,validation
7993,test
7994,test
7995,train
7996,train
7997,train
7998,test
7999,train
8000,validation
8001,train
8002,train
8003,validation
8004,validation
8005,train
8006,test
8007,validation
8008,validation
8009,validation
8010,validation
8011,train
8012,validation
8013,validation
8014,validation
8015,test
8016,test
8017,train
8018,train
8019,train
8020,train
8021,train
8022,test
8023,validation
8024,test
8025,train
8026,test
8027,train
8028,validation
8029,validation
8030,train
8031,test
8032,test
8033,validation
8034,train
8035,train
8036,test
8037,train
8038,train
8039,train
8040,validation
8041,train
8042,train
8043,validation
8044,train
8045,train
8046,validation
8047,train
8048,validation
8049,train
8050,train
8051,train
8052,train
8053,train
8054,train
8055,test
8056,train
8057,validation
8058,train
8059,train
8060,train
8061,train
8062,train
8063,test
8064,train
8065,validation
8066,train
8067,train
8068,train
8069,train
8070,train
8071,validation
8072,train
8073,train
8074,train
8075,validation
8076,train
8077,validation
8078,test
8079,test
8080,train
8081,train
8082,train
8083,train
8084,train
8085,test
8086,test
8087,train
8088,train
8089,validation
8090,train
8091,test
8092,test
8093,train
8094,validation
8095,train
8096,train
8097,train
8098,validation
8099,train
8100,train
8101,train
8102,train
8103,train
8104,train
8105,validation
8106,test
8107,test
8108,test
8109,train
8110,train
8111,test
8112,train
8113,test
8114,train
8115,train
8116,test
8117,train
8118,train
8119,train
8120,train
8121,train
8122,train
8123,train
8124,train
8125,train
8126,train
8127,validation
8128,train
8129,train
8130,test
8131,validation
8132,train
8133,test
8134,train
8135,test
8136,test
8137,validation
8138,train
8139,train
8140,train
8141,validation
8142,train
8143,train
8144,train
8145,train
8146,test
8147,train
8148,train
8149,validation
8150,test
8151,test
8152,test
8153,train
8154,train
8155,train
8156,train
8157,train
8158,validation
8159,train
8160,train
8161,test
8162,train
8163,test
8164,validation
8165,train
8166,test
8167,train
8168,train
8169,train
8170,test
8171,train
8172,test
8173,train
8174,train
8175,train
8176,train
8177,validation
8178,train
8179,validation
8180,train
8181,test
8182,validation
8183,train
8184,train
8185,train
8186,train
8187,train
8188,train
8189,validation
8190,validation
8191,train
8192,train
8193,validation
8194,test
8195,test
8196,validation
8197,test
8198,train
8199,train
8200,validation
8201,validation
8202,train
8203,train
8204,train
8205,train
8206,validation
8207,test
8208,train
8209,train
8210,test
8211,train
8212,test
8213,validation
8214,train
8215,train
8216,validation
8217,train
8218,train
8219,train
8220,train
8221,validation
8222,test
8223,train
8224,train
8225,train
8226,train
8227,train
8228,train
8229,train
8230,train
8231,validation
8232,train
8233,train
8234,train
8235,train
8236,train
8237,train
8238,train
8239,train
8240,train
8241,validation
8242,train
8243,train
8244,validation
8245,test
8246,test
8247,validation
8248,test
8249,train
8250,test
8251,test
8252,train
8253,train
8254,train
8255,train
8256,train
8257,train
8258,train
8259,train
8260,train
8261,train
8262,train
8263,test
8264,train
8265,validation
8266,train
8267,validation
8268,train
8269,train
8270,test
8271,train
8272,train
8273,train
8274,train
8275,train
8276,train
8277,test
8278,train
8279,validation
8280,test
8281,validation
8282,validation
8283,train
8284,train
8285,train
8286,test
8287,test
8288,train
8289,test
8290,train
8291,test
8292,train
8293,train
8294,test
8295,train
8296,test
8297,train
8298,train
8299,test
8300,train
8301,test
8302,train
8303,test
8304,train
8305,validation
8306,validation
8307,train
8308,test
8309,train
8310,test
8311,train
8312,test
8313,train
8314,test
8315,test
8316,train
8317,train
8318,test
8319,train
8320,train
8321,test
8322,train
8323,train
8324,validation
8325,test
8326,train
8327,train
8328,train
8329,train
8330,train
8331,train
8332,train
8333,train
8334,train
8335,train
8336,train
8337,train
8338,train
8339,train
8340,test
8341,train
8342,train
8343,train
8344,train
8345,train
8346,test
8347,train
8348,train
8349,test
8350,train
8351,train
8352,test
8353,train
8354,train
8355,train
8356,validation
8357,validation
8358,validation
8359,test
8360,validation
8361,train
8362,test
8363,train
8364,train
8365,test
8366,validation
8367,test
8368,train
8369,train
8370,validation
8371,train
8372,test
8373,train
8374,train
8375,validation
8376,train
8377,train
8378,validation
8379,test
8380,validation
8381,train
8382,test
8383,train
8384,train
8385,validation
8386,train
8387,train
8388,train
8389,train
8390,test
8391,test
8392,validation
8393,train
8394,train
8395,train
8396,train
8397,train
8398,train
8399,validation
8400,train
8401,train
8402,train
8403,train
8404,train
8405,train
8406,test
8407,train
8408,train
8409,train
8410,train
8411,train
8412,validation
8413,train
8414,train
8415,validation
8416,validation
8417,train
8418,train
8419,train
8420,test
8421,train
8422,train
8423,train
8424,validation
8425,train
8426,validation
8427,test
8428,validation
8429,train
8430,test
8431,train
8432,train
8433,train
8434,train
8435,train
8436,train
8437,train
8438,validation
8439,train
8440,train
8441,test
8442,validation
8443,validation
8444,train
8445,train
8446,test
8447,train
8448,test
8449,train
8450,train
8451,train
8452,train
8453,train
8454,train
8455,train
8456,train
8457,train
8458,train
8459,train
8460,train
8461,test
8462,train
8463,test
8464,train
8465,test
8466,test
8467,train
8468,train
8469,train
8470,test
8471,train
8472,validation
8473,test
8474,train
8475,test
8476,train
8477,train
8478,train
8479,validation
8480,train
8481,train
8482,train
8483,test
8484,test
8485,train
8486,test
8487,train
8488,train
8489,test
8490,validation
8491,train
8492,train
8493,train
8494,validation
8495,train
8496,train
8497,train
8498,train
8499,train
8500,train
8501,test
8502,train
8503,train
8504,train
8505,test
8506,test
8507,test
8508,validation
8509,train
8510,train
8511,train
8512,validation
8513,train
8514,test
8515,validation
8516,train
8517,train
8518,train
8519,validation
8520,test
8521,test
8522,train
8523,validation
8524,validation
8525,test
8526,test
8527,train
8528,validation
8529,train
8530,train
8531,train
8532,test
8533,train
8534,test
8535,train
8536,train
8537,test
8538,test
8539,validation
8540,test
8541,train
8542,test
8543,train
8544,test
8545,train
8546,train
8547,train
8548,validation
8549,train
8550,test
8551,train
8552,train
8553,train
8554,train
8555,train
8556,train
8557,test
8558,train
8559,train
8560,train
8561,validation
8562,validation
8563,train
8564,validation
8565,train
8566,validation
8567,train
8568,train
8569,train
8570,test
8571,test
8572,train
8573,train
8574,validation
8575,train
8576,train
8577,train
8578,train
8579,validation
8580,train
8581,validation
8582,train
8583,test
8584,test
8585,train
8586,train
8587,validation
8588,train
8589,train
8590,train
8591,train
8592,train
8593,validation
8594,train
8595,train
8596,train
8597,train
8598,train
8599,train
8600,train
8601,test
8602,train
8603,validation
8604,test
8605,train
8606,train
8607,train
8608,test
8609,train
8610,validation
8611,validation
8612,validation
8613,test
8614,train
8615,train
8616,train
8617,train
8618,validation
8619,train
8620,train
8621,test
8622,train
8623,test
8624,train
8625,train
8626,test
8627,train
8628,train
8629,train
8630,train
8631,validation
8632,train
8633,train
8634,test
8635,train
8636,train
8637,test
8638,train
8639,test
8640,train
8641,train
8642,train
8643,test
8644,validation
8645,train
8646,test
8647,train
8648,train
8649,train
8650,test
8651,train
8652,train
8653,test
8654,train
8655,test
8656,validation
8657,validation
8658,train
8659,train
8660,train
8661,train
8662,train
8663,train
8664,validation
8665,train
8666,train
8667,test
8668,validation
8669,train
8670,train
8671,test
8672,test
8673,validation
8674,validation
8675,train
8676,train
8677,train
8678,test
8679,train
8680,train
8681,train
8682,train
8683,train
8684,validation
8685,train
8686,train
8687,validation
8688,train
8689,test
8690,train
8691,validation
8692,train
8693,train
8694,test
8695,validation
8696,train
8697,train
8698,train
8699,validation
8700,train
8701,train
8702,validation
8703,validation
8704,train
8705,test
8706,train
8707,train
8708,test
8709,test
8710,train
8711,train
8712,validation
8713,train
8714,train
8715,validation
8716,train
8717,train
8718,validation
8719,train
8720,validation
8721,validation
8722,train
8723,test
8724,test
8725,train
8726,train
8727,train
8728,validation
8729,train
8730,train
8731,test
8732,train
8733,train
8734,train
8735,train
8736,validation
8737,validation
8738,train
8739,test
8740,train
8741,train
8742,train
8743,test
8744,test
8745,test
8746,train
8747,train
8748,train
8749,test
8750,test
8751,validation
8752,test
8753,train
8754,train
8755,train
8756,train
8757,validation
8758,train
8759,train
8760,test
8761,test
8762,validation
8763,train
8764,train
8765,train
8766,test
8767,train
8768,validation
8769,train
8770,train
8771,train
8772,train
8773,train
8774,train
8775,train
8776,train
8777,train
8778,train
8779,train
8780,validation
8781,train
8782,train
8783,train
8784,validation
8785,validation
8786,train
8787,train
8788,test
8789,validation
8790,train
8791,train
8792,validation
8793,test
8794,validation
8795,train
8796,train
8797,train
8798,train
8799,train
8800,test
8801,train
8802,test
8803,train
8804,train
8805,test
8806,train
8807,train
8808,validation
8809,train
8810,train
8811,train
8812,train
8813,test
8814,train
8815,train
8816,train
8817,train
8818,train
8819,train
8820,train
8821,train
8822,train
8823,train
8824,train
8825,train
8826,train
8827,test
8828,test
8829,train
8830,validation
8831,train
8832,test
8833,train
8834,train
8835,test
8836,validation
8837,train
8838,train
8839,test
8840,train
8841,train
8842,train
8843,test
8844,train
8845,test
8846,train
8847,test
8848,train
8849,validation
8850,test
8851,train
8852,train
8853,validation
8854,train
8855,train
8856,train
8857,validation
8858,train
8859,train
8860,validation
8861,train
8862,train
8863,validation
8864,train
8865,train
8866,test
8867,validation
8868,validation
8869,train
8870,train
8871,test
8872,train
8873,train
8874,train
8875,train
8876,train
8877,train
8878,validation
8879,validation
8880,train
8881,train
8882,validation
8883,validation
8884,test
8885,train
8886,train
8887,validation
8888,test
8889,train
8890,train
8891,validation
8892,train
8893,train
8894,test
8895,train
8896,test
8897,test
8898,train
8899,validation
8900,train
8901,validation
8902,test
8903,train
8904,train
8905,train
8906,train
8907,train
8908,train
8909,test
8910,train
8911,train
8912,test
8913,train
8914,validation
8915,validation
8916,train
8917,train
8918,train
8919,train
8920,validation
8921,train
8922,validation
8923,train
8924,train
8925,train
8926,test
8927,train
8928,train
8929,validation
8930,train
8931,train
8932,train
8933,validation
8934,test
8935,test
8936,train
8937,train
8938,validation
8939,train
8940,test
8941,train
8942,train
8943,train
8944,train
8945,test
8946,train
8947,train
8948,train
8949,validation
8950,train
8951,train
8952,train
8953,train
8954,train
8955,train
8956,train
8957,validation
8958,test
8959,train
8960,train
8961,train
8962,train
8963,test
8964,train
8965,test
8966,train
8967,train
8968,test
8969,train
8970,train
8971,train
8972,test
8973,train
8974,train
8975,train
8976,test
8977,test
8978,train
8979,train
8980,test
8981,train
8982,train
8983,train
8984,test
8985,train
8986,train
8987,test
8988,train
8989,validation
8990,train
8991,validation
8992,test
8993,train
8994,train
8995,train
8996,train
8997,train
8998,test
8999,train
9000,train
9001,train
9002,test
9003,train
9004,train
9005,train
9006,train
9007,train
9008,train
9009,test
9010,validation
9011,train
9012,train
9013,train
9014,train
9015,train
9016,test
9017,test
9018,train
9019,train
9020,test
9021,train
9022,train
9023,validation
9024,test
9025,train
9026,test
9027,train
9028,train
9029,validation
9030,validation
9031,train
9032,test
9033,train
9034,train
9035,validation
9036,validation
9037,train
9038,test
9039,test
9040,train
9041,train
9042,train
9043,test
9044,test
9045,train
9046,train
9047,train
9048,train
9049,train
9050,validation
9051,train
9052,train
9053,train
9054,validation
9055,test
9056,train
9057,train
9058,validation
9059,train
9060,train
9061,train
9062,train
9063,train
9064,train
9065,train
9066,train
9067,validation
9068,test
9069,train
9070,test
9071,train
9072,test
9073,train
9074,train
9075,validation
9076,test
9077,test
9078,validation
9079,train
9080,test
9081,train
9082,train
9083,validation
9084,train
9085,train
9086,train
9087,train
9088,train
9089,validation
9090,validation
9091,train
9092,test
9093,validation
9094,train
9095,train
9096,train
9097,train
9098,train
9099,train
9100,train
9101,train
9102,train
9103,train
9104,train
9105,test
9106,train
9107,train
9108,train
9109,test
9110,test
9111,validation
9112,train
9113,train
9114,train
9115,test
9116,train
9117,validation
9118,train
9119,validation
9120,train
9121,train
9122,train
9123,test
9124,train
9125,train
9126,train
9127,test
9128,test
9129,train
9130,validation
9131,test
9132,train
9133,train
9134,train
9135,train
9136,test
9137,train
9138,test
9139,train
9140,train
9141,train
9142,train
9143,train
9144,train
9145,train
9146,train
9147,test
9148,train
9149,validation
9150,train
9151,train
9152,train
9153,train
9154,train
9155,train
9156,validation
9157,train
9158,validation
9159,validation
9160,test
9161,test
9162,train
9163,train
9164,train
9165,train
9166,train
9167,train
9168,train
9169,train
9170,train
9171,train
9172,train
9173,train
9174,train
9175,test
9176,train
9177,train
9178,train
9179,train
9180,train
9181,train
9182,test
9183,train
9184,train
9185,train
9186,train
9187,train
9188,validation
9189,train
9190,test
9191,train
9192,test
9193,train
9194,validation
9195,train
9196,train
9197,train
9198,validation
9199,train
9200,train
9201,validation
9202,train
9203,train
9204,train
9205,test
9206,train
9207,train
9208,test
9209,train
9210,train
9211,train
9212,train
9213,test
9214,train
9215,train
9216,validation
9217,train
9218,train
9219,train
9220,train
9221,train
9222,validation
9223,validation
9224,train
9225,validation
9226,test
9227,train
9228,train
9229,train
9230,test
9231,train
9232,test
9233,test
9234,train
9235,test
9236,train
9237,test
9238,validation
9239,train
9240,train
9241,train
9242,train
9243,validation
9244,test
9245,train
9246,train
9247,train
9248,train
9249,test
9250,train
9251,train
9252,validation
9253,train
9254,train
9255,train
9256,train
9257,test
9258,train
9259,train
9260,test
9261,train
9262,train
9263,train
9264,train
9265,validation
9266,train
9267,validation
9268,train
9269,validation
9270,test
9271,train
9272,train
9273,test
9274,train
9275,train
9276,validation
9277,test
9278,train
9279,train
9280,train
9281,train
9282,train
9283,test
9284,train
9285,train
9286,train
9287,test
9288,train
9289,train
9290,train
9291,train
9292,test
9293,train
9294,validation
9295,train
9296,train
9297,train
9298,validation
9299,train
9300,train
9301,test
9302,train
9303,train
9304,train
9305,train
9306,train
9307,validation
9308,train
9309,test
9310,train
9311,train
9312,test
9313,test
9314,test
9315,train
9316,train
9317,test
9318,test
9319,train
9320,train
9321,test
9322,train
9323,train
9324,validation
9325,train
9326,train
9327,train
9328,train
9329,validation
9330,train
9331,train
9332,test
9333,train
9334,train
9335,train
9336,train
9337,train
9338,test
9339,test
9340,validation
9341,train
9342,train
9343,validation
9344,train
9345,train
9346,train
9347,train
9348,test
9349,train
9350,train
9351,validation
9352,train
9353,train
9354,test
9355,test
9356,train
9357,train
9358,train
9359,train
9360,train
9361,train
9362,train
9363,train
9364,train
9365,validation
9366,train
9367,test
9368,train
9369,train
9370,validation
9371,train
9372,test
9373,test
9374,train
9375,train
9376,train
9377,train
9378,train
9379,train
9380,train
9381,train
9382,test
9383,train
9384,train
9385,train
9386,test
9387,test
9388,validation
9389,validation
9390,train
9391,validation
9392,train
9393,validation
9394,test
9395,test
9396,test
9397,validation
9398,train
9399,validation
9400,train
9401,validation
9402,train
9403,test
9404,train
9405,train
9406,train
9407,validation
9408,train
9409,train
9410,train
9411,test
9412,test
9413,train
9414,test
9415,test
9416,train
9417,validation
9418,train
9419,train
9420,test
9421,train
9422,train
9423,train
9424,train
9425,validation
9426,train
9427,train
9428,test
9429,train
9430,train
9431,train
9432,test
9433,validation
9434,train
9435,train
9436,validation
9437,train
9438,train
9439,train
9440,train
9441,test
9442,train
9443,train
9444,train
9445,train
9446,train
9447,test
9448,train
9449,train
9450,validation
9451,test
9452,train
9453,test
9454,train
9455,train
9456,train
9457,train
9458,validation
9459,test
9460,test
9461,train
9462,train
9463,validation
9464,train
9465,train
9466,train
9467,validation
9468,validation
9469,test
9470,train
9471,train
9472,test
9473,train
9474,train
9475,train
9476,test
9477,test
9478,train
9479,validation
9480,train
9481,train
9482,validation
9483,test
9484,train
9485,test
9486,train
9487,test
9488,validation
9489,test
9490,test
9491,train
9492,train
9493,test
9494,train
9495,train
9496,train
9497,train
9498,train
9499,train
9500,train
9501,train
9502,train
9503,train
9504,test
9505,validation
9506,train
9507,test
9508,train
9509,train
9510,test
9511,train
9512,test
9513,train
9514,train
9515,train
9516,train
9517,train
9518,test
9519,validation
9520,train
9521,train
9522,train
9523,validation
9524,validation
9525,train
9526,train
9527,train
9528,validation
9529,train
9530,test
9531,test
9532,train
9533,train
9534,test
9535,test
9536,validation
9537,validation
9538,train
9539,test
9540,validation
9541,validation
9542,test
9543,test
9544,train
9545,train
9546,train
9547,validation
9548,test
9549,test
9550,train
9551,train
9552,train
9553,train
9554,train
9555,test
9556,test
9557,train
9558,train
9559,test
9560,train
9561,train
9562,train
9563,train
9564,train
9565,train
9566,train
9567,train
9568,validation
9569,test
9570,train
9571,train
9572,train
9573,train
9574,train
9575,train
9576,validation
9577,train
9578,train
9579,validation
9580,train
9581,train
9582,train
9583,train
9584,test
9585,train
9586,validation
9587,validation
9588,validation
9589,validation
9590,test
9591,train
9592,train
9593,validation
9594,train
9595,train
9596,test
9597,train
9598,validation
9599,validation
9600,validation
9601,train
9602,test
9603,train
9604,train
9605,train
9606,train
9607,train
9608,train
9609,train
9610,train
9611,train
9612,train
9613,train
9614,validation
9615,train
9616,validation
9617,train
9618,validation
9619,train
9620,train
9621,test
9622,train
9623,validation
9624,train
9625,test
9626,train
9627,test
9628,train
9629,train
9630,train
9631,train
9632,train
9633,train
9634,test
9635,train
9636,test
9637,test
9638,train
9639,train
9640,train
9641,train
9642,test
9643,train
9644,test
9645,train
9646,train
9647,train
9648,train
9649,test
9650,train
9651,test
9652,train
9653,train
9654,train
9655,train
9656,test
9657,test
9658,train
9659,train
9660,train
9661,train
9662,train
9663,test
9664,train
9665,test
9666,test
9667,train
9668,train
9669,train
9670,train
9671,train
9672,test
9673,train
9674,test
9675,train
9676,train
9677,test
9678,train
9679,train
9680,train
9681,train
9682,train
9683,validation
9684,train
9685,train
9686,test
9687,train
9688,train
9689,train
9690,validation
9691,train
9692,train
9693,validation
9694,validation
9695,validation
9696,train
9697,validation
9698,train
9699,train
9700,train
9701,train
9702,train
9703,train
9704,train
9705,train
9706,validation
9707,train
9708,train
9709,train
9710,validation
9711,train
9712,train
9713,train
9714,test
9715,train
9716,train
9717,train
9718,train
9719,train
9720,train
9721,train
9722,train
9723,validation
9724,train
9725,test
9726,train
9727,train
9728,test
9729,validation
9730,train
9731,validation
9732,validation
9733,train
9734,test
9735,train
9736,train
9737,test
9738,validation
9739,validation
9740,train
9741,train
9742,test
9743,train
9744,test
9745,test
9746,train
9747,validation
9748,train
9749,train
9750,train
9751,train
9752,test
9753,train
9754,train
9755,train
9756,test
9757,train
9758,train
9759,validation
9760,test
9761,train
9762,train
9763,test
9764,test
9765,train
9766,test
9767,train
9768,train
9769,validation
9770,validation
9771,train
9772,train
9773,train
9774,train
9775,validation
9776,train
9777,train
9778,train
9779,test
9780,train
9781,train
9782,train
9783,train
9784,train
9785,train
9786,train
9787,train
9788,train
9789,train
9790,train
9791,train
9792,train
9793,train
9794,train
9795,validation
9796,train
9797,train
9798,train
9799,train
9800,test
9801,validation
9802,test
9803,validation
9804,test
9805,train
9806,validation
9807,validation
9808,train
9809,test
9810,train
9811,test
9812,train
9813,validation
9814,train
9815,train
9816,validation
9817,test
9818,train
9819,train
9820,train
9821,train
9822,train
9823,train
9824,train
9825,train
9826,train
9827,train
9828,test
9829,train
9830,train
9831,test
9832,train
9833,train
9834,train
9835,validation
9836,train
9837,train
9838,test
9839,train
9840,validation
9841,validation
9842,train
9843,validation
9844,train
9845,train
9846,train
9847,validation
9848,train
9849,validation
9850,train
9851,test
9852,train
9853,validation
9854,train
9855,test
9856,test
9857,train
9858,test
9859,test
9860,train
9861,train
9862,test
9863,train
9864,validation
9865,validation
9866,validation
9867,train
9868,train
9869,train
9870,train
9871,validation
9872,train
9873,train
9874,train
9875,test
9876,train
9877,train
9878,train
9879,train
9880,train
9881,train
9882,test
9883,train
9884,train
9885,validation
9886,test
9887,test
9888,train
9889,train
9890,test
9891,train
9892,train
9893,train
9894,test
9895,validation
9896,train
9897,train
9898,validation
9899,train
9900,train
9901,validation
9902,train
9903,train
9904,train
9905,test
9906,train
9907,train
9908,train
9909,train
9910,train
9911,train
9912,train
9913,test
9914,train
9915,train
9916,validation
9917,train
9918,validation
9919,train
9920,train
9921,validation
9922,train
9923,train
9924,train
9925,test
9926,validation
9927,train
9928,train
9929,train
9930,train
9931,train
9932,validation
9933,train
9934,train
9935,validation
9936,validation
9937,validation
9938,validation
9939,train
9940,train
9941,train
9942,train
9943,train
9944,validation
9945,train
9946,train
9947,train
9948,train
9949,validation
9950,train
9951,test
9952,test
9953,validation
9954,validation
9955,test
9956,validation
9957,validation
9958,train
9959,train
9960,train
9961,test
9962,validation
9963,train
9964,validation
9965,validation
9966,train
9967,train
9968,validation
9969,train
9970,test
9971,train
9972,validation
9973,train
9974,train
9975,validation
9976,train
9977,train
9978,train
9979,test
9980,train
9981,validation
9982,test
9983,test
9984,train
9985,train
9986,validation
9987,test
9988,test
9989,train
9990,train
9991,train
9992,train
9993,validation
9994,train
9995,validation
9996,train
9997,validation
9998,test
9999,train
10000,train
